,poleid,s_num,stype,PtP_x,PtP_y,PtP_z,Scan_len,Scan_points,Scan_V,breakstate,State
0,7609A943,1,OUT,0.0031878,0.002881200000000001,0.0025788000000000004,1500.0,219,1.46,N,NG
1,7609A943,2,OUT,0.0028266000000000003,0.0022470000000000007,0.0024696000000000006,1500.0,169,1.13,N,NG
2,7609A943,3,OUT,0.0028392,0.0028434000000000003,0.0036708,1500.0,194,1.29,N,NG
3,7609A943,4,OUT,0.0026124000000000004,0.002184,0.002226,1500.0,178,1.19,N,NG
4,7609A943,5,IN,0.03723196,,,4000.0,676,1.69,N,NG
5,7609A943,6,IN,0.02090483,,,4000.0,543,1.36,N,NG
6,7609B043,1,OUT,0.0008862000000000002,0.0006048000000000002,0.0010836,1500.0,208,1.39,N,NG
7,7609B043,2,OUT,0.0029232000000000004,0.0012348,0.0013482000000000001,1500.0,220,1.47,N,NG
8,7609B043,3,OUT,0.005749800000000001,0.0040236000000000004,0.0042588,1500.0,188,1.25,N,NG
9,7609B043,4,IN,0.03952081,,,4000.0,398,1.0,N,NG
10,7609B043,5,IN,0.04196225,,,4000.0,684,1.71,N,NG
11,7609S872,1,OUT,0.0005754,0.0010458,0.0017304,1500.0,188,1.25,N,NG
12,7609S872,2,OUT,0.004086600000000001,0.0035532000000000003,0.0051492000000000005,1500.0,189,1.26,N,NG
13,7609S872,3,OUT,0.0049518,0.00651,0.0074592,1500.0,185,1.23,N,NG
14,7609S872,4,OUT,0.000903,0.0016463999999999997,0.001911,1500.0,201,1.34,N,NG
15,7609S872,5,IN,0.06744478000000001,,,4000.0,527,1.32,N,NG
16,7609S872,6,IN,0.06988622,,,4000.0,425,1.06,N,NG
17,7708D751,1,OUT,0.0023814,0.0024317999999999996,0.0039185999999999995,1500.0,200,1.33,N,NG
18,7708D751,2,OUT,0.0012852000000000002,0.0027468000000000006,0.0021168000000000003,1500.0,172,1.15,N,NG
19,7708D751,3,OUT,0.0019950000000000002,0.002763600000000001,0.0042378,1500.0,187,1.25,N,NG
20,7708D751,4,IN,0.01632713,,,4000.0,531,1.33,N,NG
21,7708D751,5,IN,0.01861598,,,4000.0,593,1.48,N,NG
22,7709E071,1,OUT,0.0007854,0.0015288000000000003,0.0019110000000000002,1500.0,190,1.27,N,NG
23,7709E071,2,OUT,0.0010877999999999999,0.0010835999999999997,0.0020244,1500.0,186,1.24,N,NG
24,7709E071,3,OUT,0.0007727999999999999,0.0005333999999999998,0.0012264,1500.0,195,1.3,N,NG
25,7709E071,4,OUT,0.0011802000000000002,0.0018354000000000003,0.0010878,1500.0,166,1.11,N,NG
26,7709E071,5,IN,0.08377191,,,4000.0,416,1.04,N,NG
27,7709E071,6,IN,0.07446392,,,4000.0,517,1.29,N,NG
28,7709W535,1,OUT,0.0009240000000000001,0.0010248000000000002,0.0014448,1500.0,245,1.63,N,NG
29,7709W535,2,OUT,0.0012054000000000001,0.0021252000000000007,0.0032886,1500.0,161,1.07,N,NG
30,7709W535,3,OUT,0.0008148000000000001,0.001008,0.0014532,1500.0,135,0.9,N,NG
31,7709W535,4,IN,0.06286707999999999,,,4000.0,461,1.15,N,NG
32,7709W535,5,IN,0.06286707999999999,,,4000.0,356,0.89,N,NG
33,7709Y131,1,OUT,0.0009996,0.0018648000000000007,0.0016128000000000002,1500.0,222,1.48,N,NG
34,7709Y131,2,OUT,0.0012936000000000002,0.0016170000000000002,0.0020454,1500.0,276,1.84,N,NG
35,7709Y131,3,OUT,0.000777,0.0011759999999999997,0.0011045999999999999,1500.0,250,1.67,N,NG
36,7709Y131,4,OUT,0.0005712,0.0017429999999999998,0.001659,1500.0,200,1.33,N,NG
37,7709Y131,5,IN,0.02807656,,,4000.0,396,0.99,N,NG
38,7709Y131,6,IN,0.02105742,,,4000.0,446,1.12,N,NG
39,7709Y141,1,OUT,0.0021420000000000002,0.0024192000000000007,0.0033642,1500.0,218,1.45,N,NG
40,7709Y141,2,OUT,0.0020202,0.0014237999999999998,0.0045906,1500.0,303,2.02,N,OK
41,7709Y141,3,OUT,0.0029652000000000003,0.0022722000000000003,0.0036666,1500.0,269,1.79,N,NG
42,7709Y141,4,OUT,0.001533,0.005716200000000001,0.007303800000000001,1500.0,228,1.52,N,NG
43,7709Y141,5,IN,0.025635119999999997,,,4000.0,491,1.23,N,NG
44,7709Y141,6,IN,0.02105742,,,4000.0,424,1.06,N,NG
45,7710Q911,1,OUT,0.0026586,0.0010458000000000004,0.0019992000000000005,1500.0,242,1.61,N,NG
46,7710Q911,2,OUT,0.0010331999999999997,0.0007013999999999996,0.001596,1500.0,220,1.47,N,NG
47,7710Q911,3,OUT,0.0008946,0.0011214000000000003,0.002121,1500.0,174,1.16,N,NG
48,7710Q911,4,OUT,0.0013566,0.0011508,0.0018480000000000003,1500.0,156,1.04,N,NG
49,7710Q911,5,IN,0.02090483,,,4000.0,407,1.02,N,NG
50,7710Q911,6,IN,0.02090483,,,4000.0,379,0.95,N,NG
51,7809P432,1,OUT,0.0014406000000000002,0.0010374,0.0011382000000000002,1500.0,404,2.69,N,OK
52,7809P432,2,OUT,0.0006636000000000001,0.0012936000000000002,0.0025116,1500.0,182,1.21,N,NG
53,7809P432,3,OUT,0.0007434,0.0010919999999999997,0.0024402,1500.0,180,1.2,N,NG
54,7809P432,4,OUT,0.0010542000000000001,0.0009407999999999999,0.0016380000000000001,1500.0,188,1.25,N,NG
55,7809P432,5,IN,0.05828938,,,4000.0,390,0.98,N,NG
56,7809P432,6,IN,0.025482530000000003,,,4000.0,400,1.0,N,NG
57,7809Q101,1,OUT,0.0032508000000000003,0.0022343999999999997,0.0022806000000000002,1500.0,230,1.53,N,NG
58,7809Q101,2,OUT,0.0013020000000000002,0.0011634000000000002,0.0019866,1500.0,186,1.24,N,NG
59,7809Q101,3,OUT,0.0011214000000000003,0.0014196000000000002,0.0020076,1500.0,208,1.39,N,NG
60,7809Q101,4,OUT,0.0017010000000000003,0.0010542000000000004,0.0022722000000000003,1500.0,265,1.77,N,NG
61,7809Q101,5,IN,0.03265426,,,4000.0,483,1.21,N,NG
62,7809Q101,6,IN,0.023193680000000005,,,4000.0,547,1.37,N,NG
63,7809R492,1,OUT,0.0027635999999999997,0.0018858,0.0047796,1500.0,165,1.1,N,NG
64,7809R492,2,OUT,0.0028266000000000003,0.0017640000000000002,0.004305000000000001,1500.0,160,1.07,N,NG
65,7809R492,3,OUT,0.0017094,0.0016338,0.0041496,1500.0,157,1.05,N,NG
66,7809R492,4,OUT,0.0015582,0.0019026000000000002,0.0020201999999999998,1500.0,152,1.01,N,NG
67,7809R492,5,IN,0.048828800000000006,,,4000.0,614,1.54,N,NG
68,7809R492,6,IN,0.02334627,,,4000.0,461,1.15,N,NG
69,7908Y681,1,OUT,0.0028644000000000005,0.0021042,0.0030366000000000004,1500.0,206,1.37,N,NG
70,7908Y681,2,OUT,0.0007308,0.0007308000000000002,0.0010416,1500.0,165,1.1,N,NG
71,7908Y681,3,OUT,0.0007182,0.0006846000000000005,0.0011046,1500.0,140,0.93,N,NG
72,7908Y681,4,OUT,0.0025578000000000003,0.0022932,0.0043134,1500.0,241,1.61,N,NG
73,7908Y681,5,IN,0.03250167,,,4000.0,361,0.9,N,NG
74,7908Y681,6,IN,0.02319368,,,4000.0,441,1.1,N,NG
75,8107G601,1,OUT,0.0040068000000000005,0.0052668,0.0079884,1500.0,214,1.43,N,NG
76,8107G601,2,OUT,0.006993000000000001,0.0089628,0.0122262,1500.0,257,1.71,N,NG
77,8107G601,3,OUT,0.009072,0.0086604,0.0098364,1500.0,317,2.11,N,OK
78,8107G601,4,OUT,0.0059052,0.00966,0.013633200000000002,1500.0,206,1.37,N,NG
79,8107G601,5,IN,0.048828800000000006,,,4000.0,393,0.98,N,NG
80,8107G601,6,IN,0.048828800000000006,,,4000.0,409,1.02,N,NG
81,8207C191,1,OUT,0.0012138000000000001,0.001134,0.002667,1500.0,205,1.37,N,NG
82,8207C191,2,OUT,0.0009492000000000001,0.0009996000000000002,0.0022638000000000003,1500.0,209,1.39,N,NG
83,8207C191,3,OUT,0.0011088,0.0005796,0.0018018,1500.0,213,1.42,N,NG
84,8207C191,4,OUT,0.0009954,0.0010038,0.0019656,1500.0,211,1.41,N,NG
85,8207C191,5,IN,0.025635120000000004,,,4000.0,527,1.32,N,NG
86,8207C191,6,IN,0.01632713,,,4000.0,335,0.84,N,NG
87,8506H581,1,OUT,0.0005502000000000001,0.0009240000000000003,0.0010416000000000002,1500.0,180,1.2,N,NG
88,8506H581,2,OUT,0.0008862000000000001,0.001092,0.0013565999999999997,1500.0,228,1.52,N,NG
89,8506H581,3,OUT,0.0006636000000000001,0.0007476000000000002,0.0007727999999999999,1500.0,260,1.73,N,NG
90,8506H581,4,OUT,0.0012726,0.0015540000000000003,0.0010878000000000003,1500.0,290,1.93,N,NG
91,8506H581,5,IN,0.02319368,,,4000.0,484,1.21,N,NG
92,8506H581,6,IN,0.018615979999999997,,,4000.0,702,1.76,N,NG
93,8507D401,1,OUT,0.0012264,0.0007728000000000001,0.0016884,1500.0,280,1.87,N,NG
94,8507D401,2,OUT,0.0015834,0.0008232000000000001,0.002184,1500.0,444,2.96,N,OK
95,8507D401,3,OUT,0.0026124,0.001092,0.0023057999999999998,1500.0,399,2.66,N,OK
96,8507D401,4,OUT,0.002016,0.0011592,0.0021336000000000003,1500.0,412,2.75,N,OK
97,8507D401,5,IN,0.03265426,,,4000.0,131,0.33,N,NG
98,8507D401,6,IN,0.01632713,,,4000.0,200,0.5,N,NG
99,8507D402,1,OUT,0.0021546,0.0020370000000000006,0.0028686000000000002,1500.0,356,2.37,N,OK
100,8507D402,2,OUT,0.0024192000000000003,0.0016085999999999997,0.0025158000000000003,1500.0,267,1.78,N,NG
101,8507D402,3,OUT,0.0015456,0.0016968000000000005,0.0022302,1500.0,421,2.81,N,OK
102,8507D402,4,OUT,0.00252,0.0019488000000000003,0.0030366,1500.0,351,2.34,N,OK
103,8507D402,5,IN,0.016327130000000002,,,4200.0,234,0.56,N,NG
104,8507D402,6,IN,0.016327130000000002,,,4200.0,173,0.41,N,NG
105,8507D451,1,OUT,0.0010080000000000002,0.0009156000000000004,0.001134,1500.0,347,2.31,N,OK
106,8507D451,2,OUT,0.001134,0.0008694,0.001554,1500.0,384,2.56,N,OK
107,8507D451,3,OUT,0.0010836,0.0011172000000000005,0.0014994000000000001,1500.0,362,2.41,N,OK
108,8507D451,4,OUT,0.0016506000000000003,0.0013146,0.0017346000000000002,1500.0,364,2.43,N,OK
109,8507D451,5,IN,0.01632713,,,4000.0,243,0.61,N,NG
110,8507D451,6,IN,0.018615980000000004,,,4000.0,160,0.4,N,NG
111,8507D461,1,OUT,0.0007896,0.0021504,0.0017724000000000001,1500.0,332,2.21,N,OK
112,8507D461,2,OUT,0.0017136,0.0013230000000000002,0.0020874,1200.0,380,3.17,N,OK
113,8507D461,3,OUT,0.0015582,0.0008316000000000005,0.0013566000000000001,1500.0,350,2.33,N,OK
114,8507D461,4,OUT,0.0010626000000000003,0.0007728000000000001,0.0011508,1500.0,321,2.14,N,OK
115,8507D461,5,IN,0.02105742,,,4000.0,204,0.51,N,NG
116,8507D461,6,IN,0.01861598,,,4000.0,156,0.39,N,NG
117,8507D471,1,OUT,0.0016128000000000002,0.0010710000000000003,0.0019572,1500.0,325,2.17,N,OK
118,8507D471,2,OUT,0.0018102,0.0008441999999999998,0.002331,1500.0,349,2.33,N,OK
119,8507D471,3,OUT,0.001449,0.0009912,0.0021756,1500.0,296,1.97,N,NG
120,8507D471,4,OUT,0.0010038,0.0014490000000000002,0.0012600000000000003,1500.0,329,2.19,N,OK
121,8507D471,5,IN,0.01632713000000001,,,5000.0,223,0.45,N,NG
122,8507D471,6,IN,0.01632713000000001,,,5000.0,237,0.47,N,NG
123,8507D481,1,OUT,0.0012432000000000003,0.0009828000000000003,0.002079,1500.0,302,2.01,N,OK
124,8507D481,2,OUT,0.0014112000000000003,0.0011424000000000004,0.0017261999999999998,1500.0,400,2.67,N,OK
125,8507D481,3,OUT,0.0012138,0.0009030000000000002,0.0021084000000000003,1500.0,310,2.07,N,OK
126,8507D481,4,OUT,0.0005376000000000001,0.0009786,0.0011634,1500.0,238,1.59,N,NG
127,8507D481,5,IN,0.01632713000000001,,,5000.0,175,0.35,N,NG
128,8507D481,6,IN,0.016327130000000002,,,5000.0,184,0.37,N,NG
129,8507D482,1,OUT,0.0012726,0.0011424000000000002,0.0012978,1500.0,305,2.03,N,OK
130,8507D482,2,OUT,0.001302,0.0012768,0.0017178000000000002,1500.0,366,2.44,N,OK
131,8507D482,3,OUT,0.0014994000000000003,0.0018732000000000002,0.0025536000000000005,1500.0,340,2.27,N,OK
132,8507D482,4,OUT,0.001134,0.0024066,0.0026964000000000003,1500.0,323,2.15,N,OK
133,8507D482,5,IN,0.02105742,,,4200.0,155,0.37,N,NG
134,8507D482,6,IN,0.01632713,,,4200.0,197,0.47,N,NG
135,8507D541,1,OUT,0.000924,0.0012599999999999998,0.0019362000000000001,1500.0,165,1.1,N,NG
136,8507D541,2,OUT,0.0010836,0.0007518000000000004,0.0016044000000000002,1500.0,190,1.27,N,NG
137,8507D541,3,OUT,0.0009492000000000001,0.0008106000000000003,0.0015456000000000005,1500.0,197,1.31,N,NG
138,8507D541,4,OUT,0.0008399999999999999,0.0009828000000000003,0.0018228000000000003,1500.0,174,1.16,N,NG
139,8507D541,5,IN,0.02563512,,,4000.0,500,1.25,N,NG
140,8507D541,6,IN,0.025635119999999997,,,4000.0,405,1.01,N,NG
141,8507D643,1,OUT,0.001176,0.0007854000000000001,0.0015161999999999999,1500.0,220,1.47,N,NG
142,8507D643,2,OUT,0.0009744,0.0004914000000000003,0.0007560000000000002,1500.0,183,1.22,N,NG
143,8507D643,3,OUT,0.0009827999999999998,0.0005754000000000002,0.0010206,1500.0,178,1.19,N,NG
144,8507D643,4,OUT,0.0008693999999999998,0.0012642,0.0018059999999999999,1500.0,180,1.2,N,NG
145,8507D643,5,IN,0.03265426,,,4000.0,652,1.63,N,NG
146,8507D643,6,IN,0.020904830000000006,,,4000.0,512,1.28,N,NG
147,8507D841,1,OUT,0.0017178,0.0019950000000000002,0.0025578,1500.0,237,1.58,N,NG
148,8507D841,2,OUT,0.0014322,0.001533,0.0024444000000000002,1500.0,260,1.73,N,NG
149,8507D841,3,OUT,0.0012768,0.0009155999999999999,0.0013230000000000002,1500.0,215,1.43,N,NG
150,8507D841,4,OUT,0.0016926,0.0007937999999999999,0.0013650000000000001,1500.0,218,1.45,N,NG
151,8507D841,5,IN,0.01861598,,,4000.0,319,0.8,N,NG
152,8507D841,6,IN,0.01861598,,,4000.0,514,1.28,N,NG
153,8507D941,1,OUT,0.0028602000000000002,0.0016842000000000003,0.0032802,1500.0,203,1.35,N,NG
154,8507D941,2,OUT,0.0024192000000000003,0.0017346000000000004,0.0039144,1500.0,249,1.66,N,NG
155,8507D941,3,OUT,0.0021882,0.0020958,0.0028602,1500.0,266,1.77,N,NG
156,8507D941,4,OUT,0.0026334,0.0026334,0.0042042,1500.0,211,1.41,N,NG
157,8507D941,5,IN,0.023346270000000002,,,4000.0,631,1.58,N,NG
158,8507D941,6,IN,0.02334627,,,4000.0,494,1.24,N,NG
159,8507G041,1,OUT,0.0019950000000000002,0.0023184000000000004,0.0031542,1500.0,243,1.62,N,NG
160,8507G041,2,OUT,0.0019824000000000005,0.0023982,0.0038430000000000005,1500.0,200,1.33,N,NG
161,8507G041,3,OUT,0.0015539999999999998,0.0026628,0.0047796,1500.0,192,1.28,N,NG
162,8507G041,4,OUT,0.002226,0.0020832000000000003,0.0037968000000000003,1500.0,213,1.42,N,NG
163,8507G041,5,IN,0.023346270000000002,,,4000.0,441,1.1,N,NG
164,8507G041,6,IN,0.0442511,,,4000.0,501,1.25,N,NG
165,8507G141,1,OUT,0.0021168000000000003,0.0038346000000000005,0.0049224,1500.0,194,1.29,N,NG
166,8507G141,2,OUT,0.0027384,0.0027300000000000002,0.0032718,1500.0,207,1.38,N,NG
167,8507G141,3,OUT,0.003754800000000001,0.0049686,0.006909000000000001,1500.0,200,1.33,N,NG
168,8507G141,4,OUT,0.0029148000000000004,0.0047334000000000005,0.007333200000000001,1500.0,239,1.59,N,NG
169,8507G141,5,IN,0.02319368,,,4000.0,698,1.74,N,NG
170,8507G141,6,IN,0.03723196,,,4000.0,710,1.78,N,NG
171,8507G241,1,OUT,0.0018858,0.0010836,0.0019824,1500.0,235,1.57,N,NG
172,8507G241,2,OUT,0.0013524000000000001,0.0010206,0.0018900000000000002,1500.0,218,1.45,N,NG
173,8507G241,3,OUT,0.0019824,0.0017598000000000004,0.0026669999999999997,1500.0,205,1.37,N,NG
174,8507G241,4,OUT,0.0014406000000000002,0.0014028,0.0023352,1500.0,182,1.21,N,NG
175,8507G241,5,IN,0.03036541,,,4000.0,661,1.65,N,NG
176,8507G241,6,IN,0.018615980000000004,,,4000.0,424,1.06,N,NG
177,8507G251,1,OUT,0.0026124,0.0033306,0.0037338000000000002,1500.0,270,1.8,N,NG
178,8507G251,2,OUT,0.0026712,0.0022344,0.0040068000000000005,1500.0,223,1.49,N,NG
179,8507G251,3,OUT,0.0032381999999999997,0.0033179999999999998,0.0045108,1500.0,188,1.25,N,NG
180,8507G251,4,OUT,0.0031164,0.0048636,0.0074298,1500.0,209,1.39,N,NG
181,8507G251,5,IN,0.023346270000000002,,,4000.0,541,1.35,N,NG
182,8507G251,6,IN,0.018615979999999997,,,4000.0,451,1.13,N,NG
183,8507G351,1,OUT,0.0032466000000000005,0.0025578000000000003,0.0043806,1500.0,199,1.33,N,NG
184,8507G351,2,OUT,0.0016338,0.0015540000000000003,0.0024990000000000004,1500.0,202,1.35,N,NG
185,8507G351,3,OUT,0.0024486000000000004,0.0032046,0.0036456,1500.0,219,1.46,N,NG
186,8507G351,4,OUT,0.0026712000000000003,0.0024905999999999995,0.0051366,1500.0,190,1.27,N,NG
187,8507G351,5,IN,0.02563512,,,4000.0,454,1.14,N,NG
188,8507G351,6,IN,0.02090483,,,4000.0,591,1.48,N,NG
189,8507G451,1,OUT,0.004027800000000001,0.0031122000000000007,0.0041706,1500.0,239,1.59,N,NG
190,8507G451,2,OUT,0.0016506,0.002688,0.0030744000000000006,1500.0,180,1.2,N,NG
191,8507G451,3,OUT,0.0016086000000000002,0.0032214,0.0033894,1500.0,210,1.4,N,NG
192,8507G451,4,OUT,0.0023394,0.0029904000000000003,0.004771200000000001,1500.0,210,1.4,N,NG
193,8507G451,5,IN,0.02334627,,,4000.0,503,1.26,N,NG
194,8507G451,6,IN,0.02105742,,,4000.0,419,1.05,N,NG
195,8507G551,1,OUT,0.0024695999999999997,0.0020916000000000003,0.0032508,1500.0,214,1.43,N,NG
196,8507G551,2,OUT,0.0033978000000000003,0.0037254,0.004662,1500.0,189,1.26,N,NG
197,8507G551,3,OUT,0.0029736000000000003,0.0046998000000000005,0.0086058,1500.0,185,1.23,N,NG
198,8507G551,4,OUT,0.0025578000000000003,0.0038808000000000002,0.0062034,1500.0,178,1.19,N,NG
199,8507G551,5,IN,0.02319368,,,4000.0,483,1.21,N,NG
200,8507G551,6,IN,0.030365409999999995,,,4000.0,426,1.06,N,NG
201,8507G651,1,OUT,0.0036791999999999997,0.0017640000000000002,0.0045024,1500.0,243,1.62,N,NG
202,8507G651,2,OUT,0.0028728000000000004,0.0035616000000000007,0.004263,1500.0,199,1.33,N,NG
203,8507G651,3,OUT,0.0019152000000000001,0.0020412,0.0036036,1500.0,260,1.73,N,NG
204,8507G651,4,OUT,0.0018438,0.0024192000000000003,0.0043512,1500.0,233,1.55,N,NG
205,8507G651,5,IN,0.03265426,,,4000.0,671,1.68,N,NG
206,8507G651,6,IN,0.023193679999999998,,,4000.0,601,1.5,N,NG
207,8507Q471,1,OUT,0.0019362000000000003,0.0018521999999999996,0.0021378,1500.0,225,1.5,N,NG
208,8507Q471,2,OUT,0.0013524000000000001,0.0016128000000000002,0.0021,1500.0,195,1.3,N,NG
209,8507Q471,3,OUT,0.0018900000000000002,0.0029820000000000003,0.002541,1500.0,224,1.49,N,NG
210,8507Q471,4,OUT,0.0022344,0.0020748,0.0024654,1200.0,249,2.08,N,OK
211,8507Q471,5,IN,0.01861598,,,4200.0,179,0.43,N,NG
212,8507Q471,6,IN,0.016327130000000002,,,4200.0,237,0.56,N,NG
213,8507Q481,1,OUT,0.00189,0.003066,0.0035112000000000003,1500.0,321,2.14,N,OK
214,8507Q481,2,OUT,0.0015834,0.002772,0.0032592000000000003,1500.0,389,2.59,N,OK
215,8507Q481,3,OUT,0.0020412,0.0026166,0.0029946,1500.0,351,2.34,N,OK
216,8507Q481,4,OUT,0.0021462,0.0020159999999999996,0.003318,1500.0,377,2.51,N,OK
217,8507Q481,5,IN,0.016327130000000002,,,4200.0,165,0.39,N,NG
218,8507Q481,6,IN,0.016327130000000002,,,4200.0,155,0.37,N,NG
219,8507Q491,1,OUT,0.0031878,0.0037926,0.0040908,1500.0,341,2.27,N,OK
220,8507Q491,2,OUT,0.0041874,0.0024906,0.0034314000000000007,1500.0,362,2.41,N,OK
221,8507Q491,3,OUT,0.0033138000000000004,0.0035532,0.0051282,1500.0,333,2.22,N,OK
222,8507Q491,4,OUT,0.0013608000000000001,0.003717,0.0034860000000000004,1500.0,328,2.19,N,OK
223,8507Q491,5,IN,0.016327129999999995,,,4200.0,247,0.59,N,NG
224,8507Q491,6,IN,0.01632713,,,4200.0,141,0.34,N,NG
225,8508C721,1,OUT,0.001239,0.0027762000000000004,0.0026712000000000003,1500.0,253,1.69,N,NG
226,8508C721,2,OUT,0.0010122,0.0007014,0.0010122,1500.0,207,1.38,N,NG
227,8508C721,3,OUT,0.000903,0.0007434000000000002,0.0009576000000000001,1500.0,216,1.44,N,NG
228,8508C721,4,OUT,0.0010416000000000002,0.0009912000000000002,0.0007896,1500.0,220,1.47,N,NG
229,8508C721,5,IN,0.023346270000000002,,,4000.0,594,1.48,N,NG
230,8508C721,6,IN,0.02105742,,,4000.0,837,2.09,N,OK
231,8508C821,1,OUT,0.0010164,0.0009786000000000005,0.0018522,1500.0,209,1.39,N,NG
232,8508C821,2,OUT,0.001533,0.0014574000000000002,0.0017094,1500.0,220,1.47,N,NG
233,8508C821,3,OUT,0.0010752000000000001,0.0010164,0.0011088,1500.0,203,1.35,N,NG
234,8508C821,4,OUT,0.0008736,0.0007476000000000002,0.0014700000000000002,1500.0,251,1.67,N,NG
235,8508C821,5,IN,0.02792397,,,4000.0,571,1.43,N,NG
236,8508C821,6,IN,0.025635119999999997,,,4000.0,633,1.58,N,NG
237,8508D601,1,OUT,0.007765800000000001,0.0049644,0.0098364,1500.0,272,1.81,N,NG
238,8508D601,2,OUT,0.0025872000000000004,0.0026964,0.0034104,1500.0,261,1.74,N,NG
239,8508D601,3,OUT,0.0029568000000000003,0.0026418000000000006,0.004326,1500.0,236,1.57,N,NG
240,8508D601,4,OUT,0.0027594000000000004,0.003393600000000001,0.0053298,1500.0,206,1.37,N,NG
241,8508D601,5,IN,0.02105742,,,4000.0,470,1.18,N,NG
242,8508D601,6,IN,0.018615980000000004,,,4000.0,353,0.88,N,NG
243,8508Q791,1,OUT,0.0023604000000000003,0.0032634,0.0037884000000000004,1500.0,220,1.47,N,NG
244,8508Q791,2,OUT,0.0011886000000000002,0.0014658000000000002,0.0024822000000000004,1500.0,169,1.13,N,NG
245,8508Q791,3,OUT,0.001533,0.0010793999999999995,0.0018816000000000002,1500.0,189,1.26,N,NG
246,8508Q791,4,OUT,0.0011382,0.0011088000000000003,0.0030744,1500.0,168,1.12,N,NG
247,8508Q791,5,IN,0.025635119999999997,,,4000.0,645,1.61,N,NG
248,8508Q791,6,IN,0.01861598,,,4000.0,396,0.99,N,NG
249,8508Q801,1,OUT,0.0053676,0.0074466,0.0071064000000000006,1500.0,215,1.43,N,NG
250,8508Q801,2,OUT,0.0058254000000000005,0.006468000000000001,0.0102984,1500.0,178,1.19,N,NG
251,8508Q801,3,OUT,0.0025536,0.0022470000000000007,0.0051996,1500.0,151,1.01,N,NG
252,8508Q801,4,OUT,0.0038094,0.0038178,0.005560799999999999,1500.0,216,1.44,N,NG
253,8508Q801,5,IN,0.02105742,,,4000.0,741,1.85,N,NG
254,8508Q801,6,IN,0.01632713,,,4000.0,446,1.12,N,NG
255,8508S862,1,OUT,0.0012096,0.0011592,0.0024779999999999997,1500.0,228,1.52,N,NG
256,8508S862,2,OUT,0.001995,0.0014321999999999998,0.0026082,1500.0,283,1.89,N,NG
257,8508S862,3,OUT,0.002331,0.0018774,0.0036750000000000003,1500.0,202,1.35,N,NG
258,8508S862,4,OUT,0.0017808000000000001,0.0014615999999999997,0.0020706,1500.0,212,1.41,N,NG
259,8508S862,5,IN,0.03036541,,,4000.0,586,1.46,N,NG
260,8508S862,6,IN,0.04196224999999999,,,4000.0,451,1.13,N,NG
261,8508S882,1,OUT,0.0030996,0.0021546,0.004737600000000001,1500.0,191,1.27,N,NG
262,8508S882,2,OUT,0.0039942,0.0023520000000000004,0.0053046,1500.0,145,0.97,N,NG
263,8508S882,3,OUT,0.0022764,0.0023352000000000004,0.0039816,1500.0,312,2.08,N,OK
264,8508S882,4,OUT,0.0029904,0.0014616000000000004,0.004065600000000001,1500.0,196,1.31,N,NG
265,8508S882,5,IN,0.01861598,,,4000.0,413,1.03,N,NG
266,8508S882,6,IN,0.02105742,,,4000.0,568,1.42,N,NG
267,8508S891,1,OUT,0.004943400000000001,0.0028518000000000003,0.0040824,1500.0,214,1.43,N,NG
268,8508S891,2,OUT,0.0025326000000000003,0.0017178000000000004,0.0030954000000000008,1500.0,244,1.63,N,NG
269,8508S891,3,OUT,0.0022932,0.0019866,0.0031164,1500.0,211,1.41,N,NG
270,8508S891,4,OUT,0.0025494000000000003,0.0032634,0.0047082,1500.0,190,1.27,N,NG
271,8508S891,5,IN,0.023346269999999995,,,4000.0,473,1.18,N,NG
272,8508S891,6,IN,0.020904830000000003,,,4000.0,411,1.03,N,NG
273,8606B072,1,OUT,0.0011718,0.0006551999999999999,0.0016548,1500.0,209,1.39,N,NG
274,8606B072,2,OUT,0.0007056,0.0009827999999999998,0.0016380000000000001,1500.0,194,1.29,N,NG
275,8606B072,3,OUT,0.0009660000000000001,0.00126,0.001701,1500.0,219,1.46,N,NG
276,8606B072,4,OUT,0.0020832000000000003,0.0011255999999999996,0.002667,1500.0,196,1.31,N,NG
277,8606B072,5,IN,0.02792397,,,4000.0,617,1.54,N,NG
278,8606B072,6,IN,0.018615979999999997,,,4000.0,508,1.27,N,NG
279,8606B171,1,OUT,0.0009156000000000001,0.000987,0.001365,1500.0,222,1.48,N,NG
280,8606B171,2,OUT,0.0014952,0.001029,0.001974,1500.0,202,1.35,N,NG
281,8606B171,3,OUT,0.0010164000000000002,0.0009954000000000005,0.0014952000000000001,1500.0,207,1.38,N,NG
282,8606B171,4,OUT,0.0010500000000000002,0.0011717999999999998,0.0010206000000000002,1500.0,216,1.44,N,NG
283,8606B171,5,IN,0.02792397,,,4000.0,431,1.08,N,NG
284,8606B171,6,IN,0.03021282,,,4000.0,456,1.14,N,NG
285,8606P712,1,OUT,0.0012432000000000003,0.0008316000000000005,0.0016212000000000002,1500.0,196,1.31,N,NG
286,8606P712,2,OUT,0.000714,0.002570400000000001,0.003129,1500.0,146,0.97,N,NG
287,8606P712,3,OUT,0.0019362000000000003,0.0016002000000000002,0.0030114,1500.0,163,1.09,N,NG
288,8606P712,4,OUT,0.0017892000000000001,0.0008946000000000002,0.0024360000000000002,1500.0,188,1.25,N,NG
289,8606P712,5,IN,0.03036541,,,4000.0,879,2.2,N,OK
290,8606P712,6,IN,0.020904830000000006,,,4000.0,874,2.18,N,OK
291,8706F272,1,OUT,0.0013188,0.0022218000000000003,0.0031164,1500.0,222,1.48,N,NG
292,8706F272,2,OUT,0.0013188000000000002,0.0018312000000000003,0.0029736000000000003,1500.0,198,1.32,N,NG
293,8706F272,3,OUT,0.0011088,0.0008736,0.0019068000000000004,1500.0,224,1.49,N,NG
294,8706F272,4,OUT,0.0015540000000000003,0.0014616,0.0026838,1500.0,217,1.45,N,NG
295,8706F272,5,IN,0.02563512,,,4000.0,995,2.49,N,OK
296,8706F272,6,IN,0.02792397,,,4000.0,744,1.86,N,NG
297,8706R071,1,OUT,0.0012516,0.001617,0.0023940000000000003,1500.0,199,1.33,N,NG
298,8706R071,2,OUT,0.0009282000000000001,0.0013524000000000003,0.0017388,1500.0,213,1.42,N,NG
299,8706R071,3,OUT,0.0011088,0.0015120000000000003,0.0013566000000000001,1500.0,199,1.33,N,NG
300,8706R071,4,OUT,0.0011466000000000002,0.0016674,0.0012263999999999999,1500.0,210,1.4,N,NG
301,8706R071,5,IN,0.02105742,,,4000.0,469,1.17,N,NG
302,8706R071,6,IN,0.02105742,,,4000.0,374,0.94,N,NG
303,8707Q611,1,OUT,0.001428,0.0018606000000000004,0.0026712000000000003,1500.0,274,1.83,N,NG
304,8707Q611,2,OUT,0.001029,0.0013188000000000004,0.0019152000000000001,1500.0,227,1.51,N,NG
305,8707Q611,3,OUT,0.0010122,0.0007896000000000005,0.0012096000000000001,1500.0,205,1.37,N,NG
306,8707Q611,4,OUT,0.0009282000000000001,0.0013943999999999996,0.0023184,1500.0,205,1.37,N,NG
307,8707Q611,5,IN,0.051270239999999995,,,4000.0,798,2.0,N,NG
308,8707Q611,6,IN,0.053559090000000004,,,4000.0,681,1.7,N,NG
309,8707S441,1,OUT,0.0017094000000000002,0.0024360000000000007,0.0021462,1500.0,210,1.4,N,NG
310,8707S441,2,OUT,0.0014238000000000002,0.0015120000000000003,0.0020832,1500.0,187,1.25,N,NG
311,8707S441,3,OUT,0.0016842000000000003,0.0013776,0.0017808000000000004,1500.0,198,1.32,N,NG
312,8707S441,4,OUT,0.006144600000000001,0.005334,0.0075011999999999995,1500.0,200,1.33,N,NG
313,8707S441,5,IN,0.03494311,,,4000.0,557,1.39,N,NG
314,8707S441,6,IN,0.023346270000000002,,,4000.0,342,0.86,N,NG
315,8708A151,1,OUT,0.0017052,0.0016002,0.0036456000000000006,1500.0,158,1.05,N,NG
316,8708A151,2,OUT,0.0024444000000000002,0.0012599999999999998,0.0030576,1500.0,231,1.54,N,NG
317,8708A151,3,OUT,0.0019698000000000003,0.0016086,0.0036120000000000006,1500.0,181,1.21,N,NG
318,8708A151,4,OUT,0.0018522,0.0021672,0.0035952000000000002,1500.0,193,1.29,N,NG
319,8708A151,5,IN,0.01861598,,,4000.0,463,1.16,N,NG
320,8708A151,6,IN,0.01861598,,,4000.0,528,1.32,N,NG
321,8708B101,1,OUT,0.0010248000000000002,0.0007224000000000002,0.002079,1500.0,170,1.13,N,NG
322,8708B101,2,OUT,0.0007392000000000001,0.0012306000000000005,0.0019446000000000003,1500.0,142,0.95,N,NG
323,8708B101,3,OUT,0.0013062,0.0005754000000000002,0.0017220000000000002,1500.0,163,1.09,N,NG
324,8708B101,4,OUT,0.0010794,0.0011760000000000004,0.0022386000000000003,1500.0,167,1.11,N,NG
325,8708B101,5,IN,0.01861598,,,4000.0,326,0.82,N,NG
326,8708B101,6,IN,0.01861598,,,4000.0,460,1.15,N,NG
327,8708F254,1,OUT,0.0021168000000000003,0.0010290000000000002,0.0007896,1500.0,193,1.29,N,NG
328,8708F254,2,OUT,0.000651,0.0009281999999999997,0.0013734,1500.0,204,1.36,N,NG
329,8708F254,3,OUT,0.0008820000000000001,0.0009450000000000005,0.0011424,1500.0,187,1.25,N,NG
330,8708F254,4,OUT,0.0012684,0.0019445999999999995,0.0017472000000000002,1500.0,199,1.33,N,NG
331,8708F254,5,IN,0.01861598,,,4000.0,378,0.94,N,NG
332,8708F254,6,IN,0.01876857,,,4000.0,423,1.06,N,NG
333,8708S153,1,OUT,0.0006468000000000001,0.0010122,0.002205,1500.0,158,1.05,N,NG
334,8708S153,2,OUT,0.0013608000000000003,0.0012390000000000005,0.0011424,1500.0,200,1.33,N,NG
335,8708S153,3,OUT,0.0009618000000000001,0.0006174000000000006,0.001407,1500.0,178,1.19,N,NG
336,8708S153,4,OUT,0.000777,0.0005837999999999998,0.0012768,1500.0,210,1.4,N,NG
337,8708S153,5,IN,0.06759737,,,4000.0,476,1.19,N,NG
338,8708S153,6,IN,0.06057823,,,4000.0,494,1.24,N,NG
339,8805R442,1,OUT,0.0009534,0.000693,0.0017556000000000002,1500.0,203,1.35,N,NG
340,8805R442,2,OUT,0.0032760000000000007,0.0021294000000000005,0.0032928000000000002,1500.0,167,1.11,N,NG
341,8805R442,3,OUT,0.001869,0.0011508,0.0027342,1500.0,188,1.25,N,NG
342,8805R442,4,OUT,0.0016422000000000003,0.0014532000000000002,0.0018732000000000002,1500.0,196,1.31,N,NG
343,8805R442,5,IN,0.05584794,,,4000.0,522,1.3,N,NG
344,8805R442,6,IN,0.05127024,,,4000.0,738,1.84,N,NG
345,8805R454,1,OUT,0.0018774000000000002,0.0017976,0.0024612,1500.0,198,1.32,N,NG
346,8805R454,2,OUT,0.0019656,0.001239,0.0017934000000000003,1500.0,218,1.45,N,NG
347,8805R454,3,OUT,0.0017136,0.0012389999999999997,0.0022890000000000002,1500.0,194,1.29,N,NG
348,8805R454,4,OUT,0.0018731999999999998,0.0017262000000000004,0.0039858,1500.0,193,1.29,N,NG
349,8805R454,5,IN,0.02334627,,,4000.0,372,0.93,N,NG
350,8805R454,6,IN,0.025635119999999997,,,4000.0,504,1.26,N,NG
351,8805R641,1,OUT,0.0009282,0.0006425999999999997,0.0011676000000000002,1500.0,189,1.26,N,NG
352,8805R641,2,OUT,0.0013733999999999999,0.0007937999999999999,0.002037,1500.0,159,1.06,N,NG
353,8805R641,3,OUT,0.0032130000000000006,0.0028770000000000002,0.0031458,1500.0,176,1.17,N,NG
354,8805R641,4,OUT,0.0041496,0.0033138000000000004,0.0030408,1500.0,170,1.13,N,NG
355,8805R641,5,IN,0.025635119999999997,,,4000.0,596,1.49,N,NG
356,8805R641,6,IN,0.025635119999999997,,,4000.0,455,1.14,N,NG
357,8807C192,1,OUT,0.0037044,0.007534800000000001,0.0044982,1500.0,293,1.95,N,NG
358,8807C192,2,OUT,0.0026082,0.0094542,0.007072800000000001,1500.0,147,0.98,N,NG
359,8807C192,3,OUT,0.0040026,0.004582200000000001,0.0036834,1500.0,194,1.29,N,NG
360,8807C192,4,OUT,0.0037212,0.008866200000000001,0.005791800000000001,1500.0,185,1.23,N,NG
361,8807C192,5,IN,0.016327130000000002,,,4000.0,551,1.38,N,NG
362,8807C192,6,IN,0.018615979999999997,,,4000.0,503,1.26,N,NG
363,8807E161,1,OUT,0.0006972000000000003,0.0009407999999999999,0.0016086,1500.0,221,1.47,N,NG
364,8807E161,2,OUT,0.0009954000000000002,0.0007980000000000003,0.0011718000000000002,1500.0,214,1.43,N,NG
365,8807E161,3,OUT,0.002016,0.0025452,0.0016842000000000003,1500.0,211,1.41,N,NG
366,8807E161,4,OUT,0.0009450000000000001,0.0010122,0.0011802000000000002,1500.0,246,1.64,N,NG
367,8807E161,5,IN,0.048828800000000006,,,4000.0,444,1.11,N,NG
368,8807E161,6,IN,0.06988622,,,4000.0,695,1.74,N,NG
369,8807R581,1,OUT,0.0010122,0.0010919999999999997,0.001155,1500.0,263,1.75,N,NG
370,8807R581,2,OUT,0.0010794,0.0010877999999999999,0.0014322000000000002,1500.0,186,1.24,N,NG
371,8807R581,3,OUT,0.0011718000000000002,0.0011255999999999996,0.0016968,1500.0,196,1.31,N,NG
372,8807R581,4,OUT,0.0006132,0.0012936000000000002,0.0013986000000000003,1500.0,241,1.61,N,NG
373,8807R581,5,IN,0.023346270000000002,,,4000.0,487,1.22,N,NG
374,8807R581,6,IN,0.06057823,,,4000.0,612,1.53,N,NG
375,8905D492,1,OUT,0.0012347999999999999,0.0009785999999999996,0.0018438,1500.0,396,2.64,N,OK
376,8905D492,2,OUT,0.0012558,0.0011130000000000003,0.0015666,1500.0,248,1.65,N,NG
377,8905D492,3,OUT,0.0016128,0.0025032,0.0033726000000000008,1500.0,209,1.39,N,NG
378,8905D492,4,OUT,0.0015036,0.0013020000000000006,0.0024150000000000005,1500.0,196,1.31,N,NG
379,8905D492,5,IN,0.027923970000000003,,,4000.0,496,1.24,N,NG
380,8905D492,6,IN,0.027923970000000003,,,4000.0,739,1.85,N,NG
381,8905R813,1,OUT,0.0016674,0.0018815999999999998,0.0026544000000000003,1500.0,226,1.51,N,NG
382,8905R813,2,OUT,0.0015036,0.0011928000000000004,0.0019110000000000002,1500.0,182,1.21,N,NG
383,8905R813,3,OUT,0.0017220000000000004,0.0013272000000000002,0.0027006,1500.0,298,1.99,N,NG
384,8905R813,4,OUT,0.0058548,0.004095,0.0030870000000000003,1500.0,197,1.31,N,NG
385,8905R813,5,IN,0.03036541,,,4000.0,497,1.24,N,NG
386,8905R813,6,IN,0.01632713,,,4000.0,704,1.76,N,NG
387,8905Y346,1,OUT,0.0013608000000000003,0.0013356000000000002,0.0016044000000000004,1500.0,262,1.75,N,NG
388,8905Y346,2,OUT,0.0013146000000000002,0.0010332000000000002,0.0014952000000000001,1500.0,243,1.62,N,NG
389,8905Y346,3,OUT,0.0019529999999999999,0.0008022000000000003,0.0019194000000000001,1500.0,309,2.06,N,OK
390,8905Y346,4,OUT,0.0007560000000000002,0.00048720000000000013,0.0012138,1500.0,221,1.47,N,NG
391,8905Y346,5,IN,0.02105742,,,4000.0,429,1.07,N,NG
392,8905Y346,6,IN,0.016327130000000002,,,4000.0,387,0.97,N,NG
393,8906A024,1,OUT,0.0012180000000000003,0.0013398000000000001,0.0025242000000000003,1500.0,271,1.81,N,NG
394,8906A024,2,OUT,0.0010374,0.0007350000000000002,0.0008778000000000002,1500.0,192,1.28,N,NG
395,8906A024,3,OUT,0.0008904000000000001,0.0011550000000000002,0.0017598000000000002,1500.0,182,1.21,N,NG
396,8906A024,4,OUT,0.0011550000000000002,0.0027888,0.0045486,1500.0,236,1.57,N,NG
397,8906A024,5,IN,0.03723196,,,4000.0,877,2.19,N,OK
398,8906A024,6,IN,0.02792397,,,4000.0,670,1.68,N,NG
399,8906C281,1,OUT,0.003948,0.0028728000000000004,0.0024276000000000002,1500.0,314,2.09,N,OK
400,8906C281,2,OUT,0.0035742000000000005,0.0015078,0.0037800000000000004,1500.0,540,3.6,N,OK
401,8906C281,3,OUT,0.000924,0.0016842,0.001596,1500.0,213,1.42,N,NG
402,8906C281,4,OUT,0.0006383999999999999,0.0010206,0.00147,1500.0,384,2.56,N,OK
403,8906C281,5,IN,0.03265426,,,4000.0,518,1.3,N,NG
404,8906C281,6,IN,0.034943110000000006,,,4000.0,534,1.34,N,NG
405,8906R463,1,OUT,0.0109914,0.0126966,0.0196056,1500.0,248,1.65,N,NG
406,8906R463,2,OUT,0.007438200000000001,0.0153132,0.0209412,1500.0,197,1.31,N,NG
407,8906R463,3,OUT,0.0091812,0.0116214,0.015708,1500.0,195,1.3,N,NG
408,8906R463,4,IN,0.07675277,,,4000.0,817,2.04,N,OK
409,8906R463,5,IN,0.07919420999999999,,,4000.0,730,1.82,N,NG
410,9004B072,1,OUT,0.010794000000000002,0.0160818,0.0286524,1500.0,195,1.3,N,NG
411,9004B072,2,OUT,0.0146832,0.011445,0.014217,1500.0,168,1.12,N,NG
412,9004B072,3,OUT,0.0045276000000000005,0.005418000000000001,0.0084504,1500.0,160,1.07,N,NG
413,9004B072,4,OUT,0.0068249999999999995,0.009088800000000001,0.014448,1500.0,169,1.13,N,NG
414,9004B072,5,IN,0.01861598,,,4000.0,743,1.86,N,NG
415,9004B072,6,IN,0.01632713,,,4000.0,370,0.92,N,NG
416,9004B152,1,OUT,0.0008946000000000001,0.0006762000000000005,0.0013356000000000002,1500.0,256,1.71,N,NG
417,9004B152,2,OUT,0.0011676000000000002,0.0010584000000000001,0.0018564,1500.0,230,1.53,N,NG
418,9004B152,3,OUT,0.0008316,0.0011088,0.0022134,1500.0,164,1.09,N,NG
419,9004B152,4,OUT,0.0013020000000000002,0.001071,0.0029736,1500.0,167,1.11,N,NG
420,9004B152,5,IN,0.02563512,,,4000.0,658,1.64,N,NG
421,9004B152,6,IN,0.07217507,,,4000.0,639,1.6,N,NG
422,9004G031,1,OUT,0.0026796,0.000735,0.0014406000000000002,1500.0,161,1.07,N,NG
423,9004G031,2,OUT,0.0027342,0.001974,0.0037548,1500.0,174,1.16,N,NG
424,9004G031,3,OUT,0.0052836,0.0046074,0.0053466,1500.0,250,1.67,N,NG
425,9004G031,4,OUT,0.0012180000000000001,0.0024108,0.0037926,1500.0,176,1.17,N,NG
426,9004G031,5,IN,0.02792397,,,4000.0,457,1.14,N,NG
427,9004G031,6,IN,0.01632713,,,4000.0,419,1.05,N,NG
428,9004G133,1,OUT,0.0008694000000000001,0.0010206000000000004,0.0018396,1500.0,221,1.47,N,NG
429,9004G133,2,OUT,0.0047292,0.006976200000000001,0.007585199999999999,1500.0,186,1.24,N,NG
430,9004G133,3,OUT,0.0008946,0.0008358,0.0020412,1500.0,205,1.37,N,NG
431,9004G133,4,OUT,0.0012306,0.0009072000000000004,0.0009996,1500.0,176,1.17,N,NG
432,9004G133,5,IN,0.02563512,,,4000.0,538,1.34,N,NG
433,9004G133,6,IN,0.01632713,,,4000.0,379,0.95,N,NG
434,9005C072,1,OUT,0.001155,0.0009618000000000001,0.0016086000000000002,1500.0,214,1.43,N,NG
435,9005C072,2,OUT,0.0016128,0.0021713999999999995,0.0039816,1500.0,199,1.33,N,NG
436,9005C072,3,OUT,0.0009240000000000001,0.0009282000000000001,0.0013608000000000001,1500.0,174,1.16,N,NG
437,9005C072,4,OUT,0.0008862000000000002,0.0006846,0.0014826000000000002,1500.0,224,1.49,N,NG
438,9005C072,5,IN,0.046539950000000004,,,4000.0,400,1.0,N,NG
439,9005C072,6,IN,0.0488288,,,4000.0,774,1.94,N,NG
440,9005Q102,1,OUT,0.0009534000000000001,0.0006972000000000005,0.0011088000000000003,1500.0,188,1.25,N,NG
441,9005Q102,2,OUT,0.0013440000000000001,0.0012012000000000001,0.0025956,1500.0,183,1.22,N,NG
442,9005Q102,3,OUT,0.0007980000000000001,0.0015834,0.0029778,1500.0,233,1.55,N,NG
443,9005Q102,4,OUT,0.0008190000000000001,0.0010290000000000002,0.0014616,1500.0,193,1.29,N,NG
444,9005Q102,5,IN,0.041809660000000005,,,4000.0,758,1.9,N,NG
445,9005Q102,6,IN,0.02105742,,,4000.0,497,1.24,N,NG
446,9005Y844,1,OUT,0.0014154000000000003,0.0016926000000000003,0.0029064000000000004,1500.0,214,1.43,N,NG
447,9005Y844,2,OUT,0.0008483999999999999,0.0016968000000000003,0.001722,1500.0,228,1.52,N,NG
448,9005Y844,3,OUT,0.0015665999999999996,0.0009617999999999999,0.0015413999999999998,1500.0,179,1.19,N,NG
449,9005Y844,4,OUT,0.0016589999999999999,0.0009995999999999998,0.0019572,1500.0,191,1.27,N,NG
450,9005Y844,5,IN,0.02792397,,,4000.0,576,1.44,N,NG
451,9005Y844,6,IN,0.032654260000000004,,,4000.0,516,1.29,N,NG
452,9006E841,1,OUT,0.0022385999999999994,0.001218,0.0024654000000000004,1500.0,300,2.0,N,NG
453,9006E841,2,OUT,0.001512,0.0009659999999999994,0.0019656,1500.0,168,1.12,N,NG
454,9006E841,3,OUT,0.0017724,0.0011381999999999998,0.0024485999999999996,1500.0,194,1.29,N,NG
455,9006E841,4,OUT,0.002184,0.0017304000000000004,0.0028518000000000003,1500.0,161,1.07,N,NG
456,9006E841,5,IN,0.0442511,,,4000.0,435,1.09,N,NG
457,9006E841,6,IN,0.02090483,,,4000.0,478,1.2,N,NG
458,9006E852,1,OUT,0.0018438000000000003,0.001176,0.0017892,1500.0,266,1.77,N,NG
459,9006E852,2,OUT,0.0009114000000000001,0.0010290000000000002,0.0015078000000000001,1500.0,223,1.49,N,NG
460,9006E852,3,OUT,0.0034356000000000005,0.005863200000000001,0.0094038,1500.0,179,1.19,N,NG
461,9006E852,4,OUT,0.0013524000000000001,0.0014196,0.0021210000000000005,1500.0,182,1.21,N,NG
462,9006E852,5,IN,0.01876857,,,4000.0,480,1.2,N,NG
463,9006E852,6,IN,0.01876857,,,4000.0,603,1.51,N,NG
464,9006F291,1,OUT,0.0011172,0.0009785999999999996,0.0010500000000000002,1500.0,212,1.41,N,NG
465,9006F291,2,OUT,0.0013566000000000003,0.0016506000000000003,0.0021000000000000003,1500.0,187,1.25,N,NG
466,9006F291,3,OUT,0.0013860000000000003,0.0017304000000000004,0.0023898,1500.0,235,1.57,N,NG
467,9006F291,4,OUT,0.0005880000000000001,0.0006215999999999999,0.0011844,1500.0,186,1.24,N,NG
468,9006F291,5,IN,0.01861598,,,4000.0,694,1.74,N,NG
469,9006F291,6,IN,0.016327130000000002,,,4000.0,433,1.08,N,NG
470,9006H081,1,OUT,0.0064638000000000004,0.002977800000000001,0.0084966,1500.0,169,1.13,N,NG
471,9006H081,2,OUT,0.0012012,0.0012726,0.0020874,1500.0,333,2.22,N,OK
472,9006H081,3,IN,0.051270239999999995,,,4000.0,645,1.61,N,NG
473,9006H081,4,IN,0.05127024,,,4000.0,553,1.38,N,NG
474,9006Q533,1,OUT,0.0013901999999999999,0.0015330000000000003,0.0026250000000000006,1500.0,178,1.19,N,NG
475,9006Q533,2,OUT,0.0015666,0.0015414,0.0035490000000000005,1500.0,185,1.23,N,NG
476,9006Q533,3,OUT,0.0048174,0.0020244,0.004725,1500.0,177,1.18,N,NG
477,9006Q533,4,IN,0.05584794,,,4000.0,698,1.74,N,NG
478,9006Q533,5,IN,0.04653995,,,4000.0,712,1.78,N,NG
479,9006W572,1,OUT,0.0016673999999999999,0.0027678,0.0035784,1500.0,186,1.24,N,NG
480,9006W572,2,OUT,0.0017304,0.0009198000000000001,0.0012264,1500.0,203,1.35,N,NG
481,9006W572,3,OUT,0.0013314000000000004,0.0008862,0.0010374,1500.0,182,1.21,N,NG
482,9006W572,4,OUT,0.0010626,0.0008189999999999998,0.0015498,1500.0,201,1.34,N,NG
483,9006W572,5,IN,0.03036541,,,4000.0,414,1.03,N,NG
484,9006W572,6,IN,0.027923970000000003,,,4000.0,643,1.61,N,NG
485,9104G072,1,OUT,0.0022344000000000005,0.0047334000000000005,0.0058674,1500.0,210,1.4,N,NG
486,9104G072,2,OUT,0.0033683999999999997,0.0026334,0.0069174,1500.0,177,1.18,N,NG
487,9104G072,3,OUT,0.0007853999999999999,0.0013734000000000003,0.0011046,1500.0,171,1.14,N,NG
488,9104G072,4,OUT,0.0011676,0.0007392000000000002,0.0011214,1500.0,169,1.13,N,NG
489,9104G072,5,IN,0.03723196,,,4000.0,667,1.67,N,NG
490,9104G072,6,IN,0.018615979999999997,,,4000.0,676,1.69,N,NG
491,9104G452,1,OUT,0.0011802000000000002,0.0012894,0.001827,1500.0,198,1.32,N,NG
492,9104G452,2,OUT,0.00084,0.0020076,0.0016841999999999998,1500.0,211,1.41,N,NG
493,9104G452,3,OUT,0.0012264,0.0008063999999999997,0.0019026,1500.0,160,1.07,N,NG
494,9104G452,4,OUT,0.0005922000000000001,0.0006467999999999999,0.001722,1500.0,241,1.61,N,NG
495,9104G452,5,IN,0.023346270000000002,,,4000.0,456,1.14,N,NG
496,9104G452,6,IN,0.02334627,,,4000.0,561,1.4,N,NG
497,9105E213,1,OUT,0.0010374000000000002,0.0011717999999999998,0.0018018,1500.0,206,1.37,N,NG
498,9105E213,2,OUT,0.0009281999999999997,0.0013188000000000002,0.0013818,1500.0,165,1.1,N,NG
499,9105E213,3,OUT,0.0016002000000000002,0.0016212000000000002,0.0014406000000000002,1500.0,192,1.28,N,NG
500,9105E213,4,OUT,0.0014658000000000002,0.0014868000000000004,0.0019992,1500.0,207,1.38,N,NG
501,9105E213,5,IN,0.05111765000000001,,,4000.0,684,1.71,N,NG
502,9105E213,6,IN,0.04669254,,,4000.0,585,1.46,N,NG
503,9105Y143,1,OUT,0.0010458,0.0014616,0.0015498,1500.0,215,1.43,N,NG
504,9105Y143,2,OUT,0.0013944,0.0005081999999999999,0.001533,1500.0,245,1.63,N,NG
505,9105Y143,3,OUT,0.0011046,0.00046619999999999995,0.0012222000000000005,1500.0,306,2.04,N,OK
506,9105Y143,4,OUT,0.0012096000000000003,0.0007307999999999998,0.0012810000000000002,1500.0,172,1.15,N,NG
507,9105Y143,5,IN,0.04898139,,,4000.0,894,2.24,N,OK
508,9105Y143,6,IN,0.04653995,,,4000.0,763,1.91,N,NG
509,9106C571,1,OUT,0.0009660000000000001,0.0012221999999999997,0.002562,1500.0,257,1.71,N,NG
510,9106C571,2,OUT,0.0012558,0.0013062,0.0030072000000000002,1500.0,212,1.41,N,NG
511,9106C571,3,OUT,0.0013314,0.0005711999999999996,0.0023478,1500.0,199,1.33,N,NG
512,9106C571,4,OUT,0.0016926,0.0010542000000000001,0.0018606,1500.0,173,1.15,N,NG
513,9106C571,5,IN,0.02090483,,,4000.0,531,1.33,N,NG
514,9106C571,6,IN,0.02105742,,,4000.0,524,1.31,N,NG
515,9106R661,1,OUT,0.0012852000000000002,0.0008441999999999994,0.0016884000000000003,1500.0,190,1.27,N,NG
516,9106R661,2,OUT,0.0012474000000000003,0.0016254000000000004,0.0038094,1500.0,143,0.95,N,NG
517,9106R661,3,OUT,0.0021126,0.0019866,0.0027048000000000003,1500.0,142,0.95,N,NG
518,9106R661,4,OUT,0.0010836,0.0008063999999999997,0.0013482000000000001,1500.0,203,1.35,N,NG
519,9106R661,5,IN,0.02105742,,,4000.0,732,1.83,N,NG
520,9106R661,6,IN,0.02105742,,,4000.0,618,1.54,N,NG
521,9106X101,1,OUT,0.0019614000000000003,0.0013272,0.0025494000000000003,1500.0,261,1.74,N,NG
522,9106X101,2,OUT,0.0010962,0.0009030000000000006,0.0019362000000000001,1500.0,205,1.37,N,NG
523,9106X101,3,OUT,0.0010962,0.001029,0.0019278,1500.0,204,1.36,N,NG
524,9106X101,4,OUT,0.0023646,0.0030198000000000004,0.0031332,1500.0,213,1.42,N,NG
525,9106X101,5,OUT,0.0018480000000000003,0.0013566000000000003,0.0021924,1500.0,230,1.53,N,NG
526,9106X101,6,IN,0.04653995,,,4000.0,389,0.97,N,NG
527,9106X101,7,IN,0.03250167,,,4000.0,566,1.42,N,NG
528,9107R961,1,OUT,0.001239,0.0009113999999999997,0.0019152,1500.0,246,1.64,N,NG
529,9107R961,2,OUT,0.0009995999999999998,0.0009576000000000003,0.0011886000000000002,1500.0,213,1.42,N,NG
530,9107R961,3,OUT,0.0011046,0.0008568,0.0012726000000000003,1500.0,188,1.25,N,NG
531,9107R961,4,OUT,0.001113,0.0006971999999999998,0.001113,1500.0,164,1.09,N,NG
532,9107R961,5,IN,0.053559090000000004,,,4000.0,425,1.06,N,NG
533,9107R961,6,IN,0.05813679000000001,,,4000.0,482,1.2,N,NG
534,9107S061,1,OUT,0.0015371999999999999,0.0010626000000000003,0.0019362,1500.0,219,1.46,N,NG
535,9107S061,2,OUT,0.0008442,0.0012180000000000003,0.0015036000000000001,1500.0,177,1.18,N,NG
536,9107S061,3,OUT,0.0009282000000000001,0.0007854000000000003,0.0015540000000000003,1500.0,182,1.21,N,NG
537,9107S061,4,OUT,0.0014364,0.0010374000000000004,0.0026754000000000005,1500.0,224,1.49,N,NG
538,9107S061,5,IN,0.05111765,,,4000.0,523,1.31,N,NG
539,9107S061,6,IN,0.053559090000000004,,,4000.0,403,1.01,N,NG
540,9109S161,1,OUT,0.0009702,0.0008273999999999998,0.0011928,1500.0,256,1.71,N,NG
541,9109S161,2,OUT,0.0014994000000000001,0.0013020000000000002,0.0023982000000000005,1500.0,197,1.31,N,NG
542,9109S161,3,OUT,0.0015666,0.0010961999999999994,0.0021168000000000003,1500.0,187,1.25,N,NG
543,9109S161,4,OUT,0.0009113999999999999,0.0009113999999999997,0.0014154,1500.0,213,1.42,N,NG
544,9109S161,5,IN,0.03265426,,,4000.0,661,1.65,N,NG
545,9109S161,6,IN,0.021057419999999997,,,4000.0,462,1.16,N,NG
546,9109S511,1,OUT,0.0013146,0.0018186000000000005,0.0020706,1500.0,156,1.04,N,NG
547,9109S511,2,OUT,0.001008,0.0007475999999999997,0.0012684,1500.0,161,1.07,N,NG
548,9109S511,3,OUT,0.0015204000000000003,0.000693,0.0017009999999999998,1500.0,194,1.29,N,NG
549,9109S511,4,OUT,0.0014574,0.0011718000000000004,0.0017808000000000004,1500.0,177,1.18,N,NG
550,9109S511,5,IN,0.023346270000000002,,,4000.0,467,1.17,N,NG
551,9109S511,6,IN,0.018615979999999997,,,4000.0,418,1.04,N,NG
552,9110X171,1,OUT,0.05778780000000001,0.0012222,0.0018438,1500.0,214,1.43,N,NG
553,9110X171,2,OUT,0.0012684000000000003,0.0010331999999999997,0.0018647999999999998,1500.0,231,1.54,N,NG
554,9110X171,3,OUT,0.0005417999999999998,0.0005753999999999998,0.0005922,1500.0,220,1.47,N,NG
555,9110X171,4,OUT,0.0008022000000000001,0.0009744000000000003,0.001071,1500.0,178,1.19,N,NG
556,9110X171,5,IN,0.06286708,,,4000.0,369,0.92,N,NG
557,9110X171,6,IN,0.06286707999999999,,,4000.0,462,1.16,N,NG
558,92041591,1,OUT,0.0018858,0.0018102000000000005,0.0030870000000000003,1500.0,216,1.44,N,NG
559,92041591,2,OUT,0.0048804,0.0031079999999999997,0.0049770000000000005,1500.0,175,1.17,N,NG
560,92041591,3,OUT,0.0054054,0.004813200000000001,0.007824600000000001,1500.0,210,1.4,N,NG
561,92041591,4,OUT,0.0034482000000000002,0.0024150000000000005,0.004914,1500.0,198,1.32,N,NG
562,92041591,5,IN,0.048828800000000006,,,4000.0,559,1.4,N,NG
563,92041591,6,IN,0.04653995,,,4000.0,577,1.44,N,NG
564,9204S812,1,OUT,0.0011088,0.0009492000000000003,0.0017346000000000002,1500.0,261,1.74,N,NG
565,9204S812,2,OUT,0.001092,0.0011129999999999998,0.0020076,1500.0,280,1.87,N,NG
566,9204S812,3,OUT,0.0011466000000000002,0.000882,0.0014994000000000001,1500.0,232,1.55,N,NG
567,9204S812,4,OUT,0.0011256,0.0013314000000000002,0.0026040000000000004,1500.0,248,1.65,N,NG
568,9204S812,5,IN,0.02090483,,,4000.0,513,1.28,N,NG
569,9204S812,6,IN,0.02563512,,,4000.0,447,1.12,N,NG
570,9205S202,1,OUT,0.0026544000000000003,0.0012348,0.0027888,1500.0,217,1.45,N,NG
571,9205S202,2,OUT,0.0030744,0.0020075999999999996,0.0025284,1500.0,189,1.26,N,NG
572,9205S202,3,OUT,0.0021714000000000004,0.0026964,0.0028938,1500.0,155,1.03,N,NG
573,9205S202,4,OUT,0.0025536000000000005,0.0016842000000000003,0.0017388,1500.0,168,1.12,N,NG
574,9205S202,5,IN,0.051270239999999995,,,4000.0,400,1.0,N,NG
575,9205S202,6,IN,0.051270239999999995,,,4000.0,463,1.16,N,NG
576,9205X871,1,OUT,0.0005166000000000005,0.0004829999999999999,0.0014574000000000002,1500.0,243,1.62,N,NG
577,9205X871,2,OUT,0.0007266000000000002,0.00041160000000000025,0.0009450000000000001,1500.0,233,1.55,N,NG
578,9205X871,3,OUT,0.0007601999999999999,0.0009786,0.0009366000000000001,1500.0,264,1.76,N,NG
579,9205X871,4,OUT,0.0005250000000000001,0.0008106000000000003,0.0014574000000000004,1500.0,264,1.76,N,NG
580,9205X871,5,IN,0.06973363,,,4000.0,640,1.6,N,NG
581,9205X871,6,IN,0.07217507000000001,,,4000.0,859,2.15,N,OK
582,9207Y003,1,OUT,0.0008484,0.0018438000000000005,0.0031920000000000004,1500.0,204,1.36,N,NG
583,9207Y003,2,OUT,0.0011088,0.0022218000000000003,0.0037758,1500.0,168,1.12,N,NG
584,9207Y003,3,OUT,0.0011844000000000002,0.0021882,0.0037716000000000004,1500.0,178,1.19,N,NG
585,9207Y003,4,OUT,0.00147,0.0022512,0.0038429999999999996,1500.0,158,1.05,N,NG
586,9207Y003,5,IN,0.02792397,,,4000.0,590,1.48,N,NG
587,9207Y003,6,IN,0.02563512,,,4000.0,580,1.45,N,NG
588,92091141,1,OUT,0.000987,0.0012810000000000005,0.0020538,1500.0,244,1.63,N,NG
589,92091141,2,OUT,0.0007434000000000002,0.0009407999999999999,0.0022638000000000003,1500.0,234,1.56,N,NG
590,92091141,3,OUT,0.001176,0.0010962000000000003,0.0012306,1500.0,250,1.67,N,NG
591,92091141,4,OUT,0.0007686000000000001,0.0014742000000000006,0.0014489999999999998,1500.0,199,1.33,N,NG
592,92091141,5,IN,0.06286707999999999,,,4000.0,553,1.38,N,NG
593,92091141,6,IN,0.07919421,,,4000.0,631,1.58,N,NG
594,9209H561,1,OUT,0.0008316,0.0012978,0.0018984000000000002,1500.0,240,1.6,N,NG
595,9209H561,2,OUT,0.0008988000000000001,0.0007685999999999999,0.0020538,1500.0,240,1.6,N,NG
596,9209H561,3,OUT,0.0013902,0.0016338000000000004,0.0018689999999999998,1500.0,186,1.24,N,NG
597,9209H561,4,OUT,0.001575,0.0019614000000000003,0.0017849999999999997,1500.0,182,1.21,N,NG
598,9209H561,5,IN,0.03021282,,,4000.0,471,1.18,N,NG
599,9209H561,6,IN,0.06988622,,,4000.0,650,1.62,N,NG
600,9304W951,1,OUT,0.0015414,0.0020412000000000004,0.0024402,1500.0,385,2.57,N,OK
601,9304W951,2,OUT,0.001113,0.0019152000000000004,0.0027006,1500.0,278,1.85,N,NG
602,9304W951,3,OUT,0.001365,0.0015036,0.0018984000000000002,1500.0,330,2.2,N,OK
603,9304W951,4,OUT,0.0016926,0.0015540000000000003,0.0026586,1500.0,266,1.77,N,NG
604,9304W951,5,IN,0.0442511,,,4000.0,823,2.06,N,OK
605,9304W951,6,IN,0.016327130000000002,,,4000.0,575,1.44,N,NG
606,9305Z313,1,OUT,0.0017262,0.0023436000000000004,0.0038304000000000003,1500.0,190,1.27,N,NG
607,9305Z313,2,OUT,0.0011424,0.0014364,0.0014616,1500.0,199,1.33,N,NG
608,9305Z313,3,OUT,0.0009659999999999998,0.0008777999999999998,0.0014406000000000002,1500.0,202,1.35,N,NG
609,9305Z313,4,OUT,0.0016254000000000002,0.0011213999999999998,0.0019152000000000001,1500.0,153,1.02,N,NG
610,9305Z313,5,IN,0.02563512,,,4000.0,602,1.5,N,NG
611,9305Z313,6,IN,0.023346270000000002,,,4000.0,693,1.73,N,NG
612,9308F241,1,OUT,0.0008567999999999999,0.0010500000000000002,0.0012474,1000.0,200,2.0,N,NG
613,9308F241,2,OUT,0.0012432,0.0008610000000000002,0.0009743999999999998,1500.0,253,1.69,N,NG
614,9308F241,3,OUT,0.0014238000000000002,0.0013188,0.0013314,1500.0,214,1.43,N,NG
615,9308F241,4,OUT,0.0011676000000000002,0.0007685999999999999,0.0016212000000000002,1500.0,222,1.48,N,NG
616,9308F241,5,IN,0.02334627,,,4000.0,847,2.12,N,OK
617,9308F241,6,IN,0.05584794,,,4000.0,642,1.6,N,NG
618,9308F773,1,OUT,0.002268,0.0023184,0.0033222,1500.0,228,1.52,N,NG
619,9308F773,2,OUT,0.0012852000000000002,0.0020370000000000006,0.0024738000000000004,1500.0,191,1.27,N,NG
620,9308F773,3,OUT,0.0014868,0.0017430000000000006,0.0021252000000000003,1500.0,207,1.38,N,NG
621,9308F773,4,OUT,0.001302,0.0014447999999999998,0.0014238,1500.0,175,1.17,N,NG
622,9308F773,5,IN,0.03021282,,,4000.0,787,1.97,N,NG
623,9308F773,6,IN,0.07446392,,,4000.0,759,1.9,N,NG
624,9309Y951,1,OUT,0.0007308000000000001,0.0008232000000000001,0.0016086000000000002,1500.0,244,1.63,N,NG
625,9309Y951,2,OUT,0.0012264,0.0009114000000000006,0.0012684,1500.0,235,1.57,N,NG
626,9309Y951,3,OUT,0.0009576000000000001,0.0014700000000000004,0.0016212,1500.0,211,1.41,N,NG
627,9309Y951,4,OUT,0.0010164000000000002,0.0009996000000000002,0.001659,1500.0,307,2.05,N,OK
628,9309Y951,5,IN,0.08621335,,,4000.0,548,1.37,N,NG
629,9309Y951,6,IN,0.07690536,,,4000.0,644,1.61,N,NG
630,9404A025,1,OUT,0.0012726,0.0007308000000000002,0.001407,1500.0,271,1.81,N,NG
631,9404A025,2,OUT,0.0006636000000000001,0.0006300000000000001,0.0011130000000000003,1500.0,233,1.55,N,NG
632,9404A025,3,OUT,0.0011592,0.0006594000000000001,0.0014700000000000002,1500.0,264,1.76,N,NG
633,9404A025,4,OUT,0.0009450000000000001,0.0007308000000000002,0.0009996,1500.0,207,1.38,N,NG
634,9404A025,5,IN,0.053559090000000004,,,4000.0,559,1.4,N,NG
635,9404A025,6,IN,0.06286708,,,4000.0,713,1.78,N,NG
636,9405B403,1,OUT,0.0017640000000000002,0.0011340000000000002,0.0019446,1500.0,407,2.71,N,OK
637,9405B403,2,OUT,0.0013944,0.0016632,0.0026502,1500.0,272,1.81,N,NG
638,9405B403,3,OUT,0.0013566,0.0014028,0.0014994000000000001,1500.0,259,1.73,N,NG
639,9405B403,4,OUT,0.0006762000000000001,0.0018984000000000002,0.0010584,1500.0,193,1.29,N,NG
640,9405B403,5,IN,0.06057823,,,4000.0,730,1.82,N,NG
641,9405B403,6,IN,0.053559090000000004,,,4000.0,891,2.23,N,OK
642,9406Q421,1,OUT,0.0008652,0.0010416,0.0013818,1500.0,229,1.53,N,NG
643,9406Q421,2,OUT,0.0013398,0.0007727999999999997,0.0019278000000000001,1500.0,239,1.59,N,NG
644,9406Q421,3,OUT,0.0011970000000000001,0.0009828000000000005,0.0011298,1500.0,183,1.22,N,NG
645,9406Q421,4,OUT,0.0011676,0.0012054000000000001,0.0020118000000000002,1500.0,146,0.97,N,NG
646,9406Q421,5,IN,0.053559090000000004,,,4000.0,467,1.17,N,NG
647,9406Q421,6,IN,0.048828800000000006,,,4000.0,519,1.3,N,NG
648,9406Q431,1,OUT,0.0015834,0.0015792000000000007,0.0024822000000000004,1500.0,195,1.3,N,NG
649,9406Q431,2,OUT,0.0011592,0.0009954,0.0022596,1500.0,199,1.33,N,NG
650,9406Q431,3,OUT,0.0013566000000000001,0.0014952,0.0030912000000000005,1500.0,203,1.35,N,NG
651,9406Q431,4,OUT,0.0019614,0.0022218000000000003,0.0040488,1500.0,264,1.76,N,NG
652,9406Q431,5,IN,0.05355909,,,4000.0,556,1.39,N,NG
653,9406Q431,6,IN,0.051270239999999995,,,4000.0,531,1.33,N,NG
654,9406Q623,1,OUT,0.0023184,0.0011256000000000005,0.0021672,1500.0,268,1.79,N,NG
655,9406Q623,2,OUT,0.0015582,0.0006342000000000001,0.0014826000000000002,1500.0,194,1.29,N,NG
656,9406Q623,3,OUT,0.0013608000000000001,0.0008735999999999996,0.002058,1500.0,225,1.5,N,NG
657,9406Q623,4,OUT,0.0014742000000000002,0.0013692,0.0024486,1500.0,289,1.93,N,NG
658,9406Q623,5,IN,0.06515593,,,4000.0,665,1.66,N,NG
659,9406Q623,6,IN,0.08148306,,,4000.0,422,1.06,N,NG
660,9406Z305,1,OUT,0.0024066,0.0012726000000000005,0.0030954000000000003,1500.0,203,1.35,N,NG
661,9406Z305,2,OUT,0.0024276000000000002,0.0031038000000000003,0.0009912,1500.0,166,1.11,N,NG
662,9406Z305,3,OUT,0.0019068000000000002,0.003759,0.0026586,1500.0,173,1.15,N,NG
663,9406Z305,4,OUT,0.001554,0.0029988000000000003,0.0038304000000000007,1500.0,215,1.43,N,NG
664,9406Z305,5,IN,0.0442511,,,4000.0,483,1.21,N,NG
665,9406Z305,6,IN,0.05111765000000001,,,4000.0,377,0.94,N,NG
666,9406Z402,1,OUT,0.002394,0.0009072000000000006,0.0021798,1500.0,225,1.5,N,NG
667,9406Z402,2,OUT,0.002205,0.0026124,0.0033894000000000003,1500.0,160,1.07,N,NG
668,9406Z402,3,OUT,0.0009450000000000001,0.0011801999999999997,0.0015918,1500.0,188,1.25,N,NG
669,9406Z402,4,OUT,0.0007056000000000002,0.0009576000000000001,0.004149600000000001,1500.0,181,1.21,N,NG
670,9406Z402,5,IN,0.027923970000000003,,,4000.0,408,1.02,N,NG
671,9406Z402,6,IN,0.04196225,,,4000.0,413,1.03,N,NG
672,9505B892,1,OUT,0.0008862000000000001,0.0007055999999999998,0.0011339999999999998,1500.0,180,1.2,N,NG
673,9505B892,2,OUT,0.0009996000000000002,0.0012389999999999999,0.002037,1500.0,164,1.09,N,NG
674,9505B892,3,OUT,0.0012726,0.0011172,0.0014826000000000002,1500.0,156,1.04,N,NG
675,9505B892,4,OUT,0.0012096,0.0011004,0.0011466000000000002,1500.0,171,1.14,N,NG
676,9505B892,5,IN,0.02792397,,,4000.0,478,1.2,N,NG
677,9505B892,6,IN,0.023346270000000002,,,4000.0,544,1.36,N,NG
678,9505G571,1,OUT,0.0009576000000000001,0.0012684000000000005,0.0019488,1500.0,218,1.45,N,NG
679,9505G571,2,OUT,0.0017010000000000003,0.0012978000000000004,0.0019823999999999996,1500.0,281,1.87,N,NG
680,9505G571,3,OUT,0.0012096000000000003,0.0011256000000000005,0.0014532000000000002,1500.0,191,1.27,N,NG
681,9505G571,4,OUT,0.0017682000000000002,0.0012263999999999999,0.0026628,1500.0,187,1.25,N,NG
682,9505G571,5,IN,0.053559090000000004,,,4000.0,444,1.11,N,NG
683,9505G571,6,IN,0.053559090000000004,,,4000.0,403,1.01,N,NG
684,9505G972,1,OUT,0.0016884,0.0014574000000000002,0.0019656000000000005,1500.0,191,1.27,N,NG
685,9505G972,2,OUT,0.0014490000000000002,0.0014616,0.0018731999999999998,1500.0,159,1.06,N,NG
686,9505G972,3,OUT,0.0013062000000000002,0.001491,0.0026796,1500.0,202,1.35,N,NG
687,9505G972,4,IN,0.0442511,,,4000.0,588,1.47,N,NG
688,9505G972,5,IN,0.03021282,,,4000.0,527,1.32,N,NG
689,9507F871,1,OUT,0.0017682,0.0010458000000000004,0.0018312,1500.0,176,1.17,N,NG
690,9507F871,2,OUT,0.0009366000000000001,0.0012684000000000003,0.0014153999999999998,1500.0,159,1.06,N,NG
691,9507F871,3,OUT,0.0011718,0.0005250000000000003,0.0015540000000000003,1500.0,153,1.02,N,NG
692,9507F871,4,OUT,0.0011382000000000002,0.0013187999999999997,0.0017094000000000002,1500.0,155,1.03,N,NG
693,9507F871,5,IN,0.04669254,,,4000.0,496,1.24,N,NG
694,9507F871,6,IN,0.0442511,,,4000.0,564,1.41,N,NG
695,9508E091,1,OUT,0.0016883999999999998,0.0017304000000000004,0.0024612,1500.0,191,1.27,N,NG
696,9508E091,2,OUT,0.0012726,0.001407,0.001722,1500.0,165,1.1,N,NG
697,9508E091,3,OUT,0.0013440000000000001,0.0011129999999999998,0.0013944,1500.0,162,1.08,N,NG
698,9508E091,4,OUT,0.0013692,0.0015036,0.0036708,1500.0,280,1.87,N,NG
699,9508E091,5,IN,0.02090483,,,4000.0,553,1.38,N,NG
700,9508E091,6,IN,0.016327130000000002,,,4000.0,442,1.1,N,NG
701,9508G531,1,OUT,0.0022596000000000005,0.0055482000000000005,0.0089418,1500.0,254,1.69,N,NG
702,9508G531,2,OUT,0.001848,0.003906,0.0050358,1500.0,211,1.41,N,NG
703,9508G531,3,OUT,0.0011256000000000005,0.0011549999999999998,0.0022932000000000004,1500.0,172,1.15,N,NG
704,9508G531,4,OUT,0.0015078000000000005,0.0014574,0.001827,1500.0,230,1.53,N,NG
705,9508G531,5,IN,0.07217507000000001,,,4000.0,431,1.08,N,NG
706,9508G531,6,IN,0.053559090000000004,,,4000.0,523,1.31,N,NG
707,9508W262,1,OUT,0.0022890000000000002,0.0033263999999999998,0.0037296,1500.0,185,1.23,N,NG
708,9508W262,2,OUT,0.0017850000000000001,0.0046158000000000015,0.005124000000000001,1500.0,218,1.45,N,NG
709,9508W262,3,OUT,0.0057036,0.005014800000000001,0.005846400000000001,1500.0,191,1.27,N,NG
710,9508W262,4,OUT,0.0026712000000000003,0.0034314000000000002,0.004414200000000001,1500.0,193,1.29,N,NG
711,9508W262,5,IN,0.10238789,,,4000.0,630,1.58,N,NG
712,9508W262,6,IN,0.10009904,,,4000.0,704,1.76,N,NG
713,9509G911,1,OUT,0.0026082,0.0031668000000000004,0.0071358,1500.0,241,1.61,N,NG
714,9509G911,2,OUT,0.0023310000000000006,0.0015455999999999996,0.0038472000000000003,1500.0,199,1.33,N,NG
715,9509G911,3,OUT,0.0023478,0.002440200000000001,0.0035868000000000002,1500.0,187,1.25,N,NG
716,9509G911,4,OUT,0.0042924,0.0047166,0.009555,1500.0,168,1.12,N,NG
717,9509G911,5,IN,0.01632713,,,4000.0,516,1.29,N,NG
718,9509G911,6,IN,0.018615979999999997,,,4000.0,469,1.17,N,NG
719,9603H961,1,OUT,0.0016212000000000002,0.0029442,0.0031248,1500.0,272,1.81,N,NG
720,9603H961,2,OUT,0.0019614000000000003,0.0028476000000000005,0.003922800000000001,1500.0,278,1.85,N,NG
721,9603H961,3,OUT,0.002226,0.0024402,0.0036876000000000005,1500.0,249,1.66,N,NG
722,9603H961,4,OUT,0.0018732000000000002,0.0016968,0.0026628,1500.0,302,2.01,N,OK
723,9603H961,5,IN,0.048828800000000006,,,4000.0,439,1.1,N,NG
724,9603H961,6,IN,0.04653995,,,4000.0,468,1.17,N,NG
725,9603H981,1,OUT,0.0024234,0.0011046000000000003,0.0033894,1500.0,249,1.66,N,NG
726,9603H981,2,OUT,0.0030198000000000004,0.0010962,0.0029526,1500.0,273,1.82,N,NG
727,9603H981,3,OUT,0.0019194,0.0025494,0.0030576000000000006,1500.0,206,1.37,N,NG
728,9603H981,4,OUT,0.0025116,0.0018816000000000002,0.0029106,1500.0,201,1.34,N,NG
729,9603H981,5,IN,0.027923970000000003,,,4000.0,391,0.98,N,NG
730,9603H981,6,IN,0.02563512,,,4000.0,683,1.71,N,NG
731,9605A193,1,OUT,0.0008904000000000001,0.0008904000000000004,0.0011004,1500.0,207,1.38,N,NG
732,9605A193,2,OUT,0.001176,0.0008862000000000002,0.0017556000000000002,1500.0,249,1.66,N,NG
733,9605A193,3,OUT,0.0007854,0.0012768000000000002,0.0007644,1500.0,172,1.15,N,NG
734,9605A193,4,OUT,0.0005417999999999999,0.0009701999999999998,0.0008988000000000002,1500.0,171,1.14,N,NG
735,9605A193,5,IN,0.03494311,,,4000.0,738,1.84,N,NG
736,9605A193,6,IN,0.01876857,,,4000.0,440,1.1,N,NG
737,9605E179,1,OUT,0.0008820000000000001,0.0010206,0.0016380000000000001,1500.0,241,1.61,N,NG
738,9605E179,2,OUT,0.0014322000000000002,0.0009407999999999999,0.0024612,1500.0,156,1.04,N,NG
739,9605E179,3,OUT,0.001911,0.0019152,0.001533,1500.0,236,1.57,N,NG
740,9605E179,4,OUT,0.0008568,0.0012809999999999996,0.0018018000000000003,1500.0,218,1.45,N,NG
741,9605E179,5,IN,0.02563512,,,4000.0,525,1.31,N,NG
742,9605E179,6,IN,0.023193680000000005,,,4000.0,632,1.58,N,NG
743,9605E512,1,OUT,0.001197,0.0012599999999999998,0.0019824000000000005,1500.0,217,1.45,N,NG
744,9605E512,2,OUT,0.0012138000000000001,0.000987,0.0022638,1500.0,212,1.41,N,NG
745,9605E512,3,OUT,0.0011130000000000003,0.0011298,0.002415,1500.0,187,1.25,N,NG
746,9605E512,4,OUT,0.0013062,0.0011088,0.0032256000000000003,1500.0,208,1.39,N,NG
747,9605E512,5,IN,0.02334627,,,4000.0,567,1.42,N,NG
748,9605E512,6,IN,0.01876857,,,4000.0,393,0.98,N,NG
749,9605F561,1,OUT,0.0009240000000000001,0.0009240000000000003,0.0013902000000000003,1500.0,199,1.33,N,NG
750,9605F561,2,OUT,0.0013860000000000003,0.0010878000000000003,0.0022344,1500.0,217,1.45,N,NG
751,9605F561,3,OUT,0.0015162000000000003,0.0018354,0.0023982,1500.0,164,1.09,N,NG
752,9605F561,4,OUT,0.0010416000000000002,0.0017093999999999998,0.0019950000000000002,1500.0,189,1.26,N,NG
753,9605F561,5,IN,0.03265426,,,4000.0,473,1.18,N,NG
754,9605F561,6,IN,0.02319368,,,4000.0,646,1.62,N,NG
755,9607C002,1,OUT,0.0018102,0.0017219999999999998,0.0020832000000000003,1500.0,208,1.39,N,NG
756,9607C002,2,OUT,0.0016338000000000001,0.0008945999999999997,0.0017094000000000002,1500.0,388,2.59,N,OK
757,9607C002,3,OUT,0.001134,0.0011340000000000002,0.0008694,1500.0,310,2.07,N,OK
758,9607C002,4,OUT,0.0008526000000000001,0.0009114000000000001,0.001092,1500.0,171,1.14,N,NG
759,9607C002,5,IN,0.05111765000000001,,,4000.0,713,1.78,N,NG
760,9607C002,6,IN,0.04669254,,,4000.0,701,1.75,N,NG
761,9608R331,1,OUT,0.000693,0.0014280000000000002,0.0010878,1500.0,171,1.14,N,NG
762,9608R331,2,OUT,0.0009702000000000001,0.0013776,0.0008148000000000001,1500.0,227,1.51,N,NG
763,9608R331,3,OUT,0.0019236000000000001,0.0013314,0.0029021999999999997,1500.0,196,1.31,N,NG
764,9608R331,4,OUT,0.0010668000000000001,0.0009828000000000003,0.0021546000000000004,1500.0,300,2.0,N,NG
765,9608R331,5,IN,0.03494311,,,4000.0,390,0.98,N,NG
766,9608R331,6,IN,0.051270239999999995,,,4000.0,422,1.06,N,NG
767,9609P982,1,OUT,0.0038052,0.0057246,0.011407200000000001,1500.0,259,1.73,N,NG
768,9609P982,2,OUT,0.0013650000000000001,0.003066,0.0048384,1500.0,202,1.35,N,NG
769,9609P982,3,OUT,0.0008694000000000002,0.0017640000000000004,0.0031626000000000002,1500.0,243,1.62,N,NG
770,9609P982,4,OUT,0.0032256000000000003,0.0040488,0.0055146000000000014,1500.0,280,1.87,N,NG
771,9609P982,5,IN,0.02105742,,,4000.0,393,0.98,N,NG
772,9609P982,6,IN,0.016327130000000002,,,4000.0,426,1.06,N,NG
773,9609Q074,1,OUT,0.0014364000000000002,0.0008610000000000002,0.0014322000000000002,1500.0,269,1.79,N,NG
774,9609Q074,2,OUT,0.0074634,0.0127428,0.0169218,1500.0,287,1.91,N,NG
775,9609Q074,3,OUT,0.007501200000000001,0.011991,0.015506400000000002,1500.0,314,2.09,N,OK
776,9609Q074,4,OUT,0.0030114,0.003738,0.004330200000000001,1500.0,314,2.09,N,OK
777,9609Q074,5,OUT,0.0029022,0.0033978000000000003,0.0036582,1500.0,419,2.79,N,OK
778,9609Q074,6,OUT,0.0042672000000000005,0.0086478,0.0118902,1500.0,347,2.31,N,OK
779,9609Q074,7,IN,0.14663899000000002,,,4000.0,765,1.91,N,NG
780,9609Q074,8,IN,0.15838842000000003,,,4000.0,826,2.06,N,OK
781,9609Q743,1,OUT,0.0019278000000000001,0.0014196,0.0037086000000000003,1500.0,228,1.52,N,NG
782,9609Q743,2,OUT,0.0016926,0.0014448000000000004,0.0020916,1500.0,208,1.39,N,NG
783,9609Q743,3,OUT,0.0027635999999999997,0.0016338,0.0018648000000000002,1500.0,195,1.3,N,NG
784,9609Q743,4,IN,0.018615979999999997,,,4000.0,433,1.08,N,NG
785,9609Q743,5,IN,0.016327130000000002,,,4000.0,375,0.94,N,NG
786,9704E271,1,OUT,0.0007938000000000001,0.00033600000000000036,0.0006888,1500.0,233,1.55,N,NG
787,9704E271,2,OUT,0.0005753999999999999,0.00026880000000000003,0.0004998,1500.0,183,1.22,N,NG
788,9704E271,3,OUT,0.0005081999999999999,0.0010458000000000002,0.0005207999999999999,1500.0,322,2.15,N,OK
789,9704E271,4,OUT,0.0008022000000000002,0.0011928,0.0017598000000000002,1500.0,285,1.9,N,NG
790,9704E271,5,IN,0.06988622,,,4000.0,547,1.37,N,NG
791,9704E271,6,IN,0.03250167,,,4000.0,380,0.95,N,NG
792,9704E422,1,OUT,0.0006090000000000001,0.0017850000000000001,0.0013692,1500.0,244,1.63,N,NG
793,9704E422,2,OUT,0.0009156000000000002,0.0007434000000000002,0.0013650000000000003,1500.0,190,1.27,N,NG
794,9704E422,3,OUT,0.0015245999999999999,0.0018312,0.002163,1500.0,207,1.38,N,NG
795,9704E422,4,IN,0.02105742,,,4000.0,386,0.96,N,NG
796,9704E422,5,IN,0.025635119999999997,,,4000.0,404,1.01,N,NG
797,9704E431,1,OUT,0.0024192000000000003,0.0013104000000000002,0.006321,1500.0,242,1.61,N,NG
798,9704E431,2,OUT,0.0071862,0.004137000000000001,0.008610000000000001,1500.0,201,1.34,N,NG
799,9704E431,3,OUT,0.0069888,0.005489400000000001,0.012095999999999999,1500.0,205,1.37,N,NG
800,9704E431,4,OUT,0.0009702000000000003,0.001071,0.0016716,1500.0,220,1.47,N,NG
801,9704E431,5,IN,0.02563512,,,4000.0,315,0.79,N,NG
802,9704E431,6,IN,0.030365409999999995,,,4000.0,456,1.14,N,NG
803,9704E681,1,OUT,0.0029064,0.0019194,0.0022722000000000003,1500.0,193,1.29,N,NG
804,9704E681,2,OUT,0.007245,0.011634000000000002,0.0086184,1500.0,170,1.13,N,NG
805,9704E681,3,OUT,0.0023225999999999998,0.0023142,0.002478,1500.0,158,1.05,N,NG
806,9704E681,4,OUT,0.0011844,0.0018690000000000002,0.0023016,1500.0,162,1.08,N,NG
807,9704E681,5,IN,0.05355909,,,4000.0,473,1.18,N,NG
808,9704E681,6,IN,0.05584794,,,4000.0,536,1.34,N,NG
809,9704G265,1,OUT,0.0080094,0.0086478,0.015191400000000002,1500.0,300,2.0,N,NG
810,9704G265,2,OUT,0.0067242000000000005,0.0082362,0.014187599999999998,1500.0,255,1.7,N,NG
811,9704G265,3,OUT,0.0019698000000000003,0.0013019999999999998,0.0024990000000000004,1500.0,278,1.85,N,NG
812,9704G265,4,OUT,0.0033936,0.0019866,0.0021924000000000006,1500.0,273,1.82,N,NG
813,9704G265,5,IN,0.020904830000000003,,,4000.0,474,1.18,N,NG
814,9704G265,6,IN,0.016327130000000002,,,4000.0,643,1.61,N,NG
815,9705E861,1,OUT,0.0007266,0.0012642000000000003,0.001743,1500.0,243,1.62,N,NG
816,9705E861,2,OUT,0.001113,0.0009492000000000001,0.0013188000000000002,1500.0,165,1.1,N,NG
817,9705E861,3,OUT,0.0014532,0.000735,0.0013608000000000001,1500.0,191,1.27,N,NG
818,9705E861,4,OUT,0.0010542000000000001,0.0013398000000000001,0.0021546,1500.0,174,1.16,N,NG
819,9705E861,5,IN,0.02090483,,,4000.0,456,1.14,N,NG
820,9705E861,6,IN,0.03494311,,,4000.0,448,1.12,N,NG
821,9705F032,1,OUT,0.0023772000000000003,0.0020664,0.00336,1500.0,201,1.34,N,NG
822,9705F032,2,OUT,0.0015204,0.0017766000000000001,0.0026837999999999996,1500.0,193,1.29,N,NG
823,9705F032,3,OUT,0.0008064,0.0007392000000000002,0.0011424,1500.0,168,1.12,N,NG
824,9705F032,4,OUT,0.0018564000000000002,0.0037044,0.0032760000000000003,1500.0,152,1.01,N,NG
825,9705F032,5,IN,0.05600052999999999,,,4000.0,494,1.24,N,NG
826,9705F032,6,IN,0.025635119999999997,,,4000.0,572,1.43,N,NG
827,9705S481,1,OUT,0.0011928,0.0012557999999999998,0.0029148000000000004,1500.0,208,1.39,N,NG
828,9705S481,2,OUT,0.0011171999999999998,0.0008568000000000007,0.0024528,1500.0,199,1.33,N,NG
829,9705S481,3,OUT,0.000903,0.0010080000000000002,0.0018774,1500.0,184,1.23,N,NG
830,9705S481,4,OUT,0.0020958,0.0017766000000000004,0.004494000000000001,1500.0,199,1.33,N,NG
831,9705S481,5,IN,0.02105742,,,4000.0,642,1.6,N,NG
832,9705S481,6,IN,0.02319368,,,4000.0,473,1.18,N,NG
833,9705S579,1,OUT,0.0016002,0.0012936000000000002,0.0022974,1500.0,234,1.56,N,NG
834,9705S579,2,OUT,0.0016296,0.0007602000000000002,0.0014406000000000002,1500.0,254,1.69,N,NG
835,9705S579,3,OUT,0.0008820000000000001,0.000987,0.0012516000000000003,1500.0,192,1.28,N,NG
836,9705S579,4,OUT,0.0011088000000000003,0.0006803999999999998,0.0014028,1500.0,217,1.45,N,NG
837,9705S579,5,IN,0.03036541,,,4000.0,366,0.92,N,NG
838,9705S579,6,IN,0.02792397,,,4000.0,803,2.01,N,OK
839,9705W411,1,OUT,0.0015078000000000001,0.0025116,0.0016128000000000002,1500.0,263,1.75,N,NG
840,9705W411,2,OUT,0.0015456000000000003,0.0004914000000000001,0.0019152000000000001,1500.0,190,1.27,N,NG
841,9705W411,3,OUT,0.0009324000000000001,0.0007644000000000001,0.0019614000000000003,1500.0,250,1.67,N,NG
842,9705W411,4,OUT,0.0018564,0.0016212,0.000987,1500.0,246,1.64,N,NG
843,9705W411,5,IN,0.058289379999999995,,,4000.0,550,1.38,N,NG
844,9705W411,6,IN,0.051270239999999995,,,4000.0,609,1.52,N,NG
845,9705W651,1,OUT,0.0008904000000000001,0.0009071999999999999,0.0014364,1500.0,262,1.75,N,NG
846,9705W651,2,OUT,0.0029988000000000003,0.002541,0.0031584000000000004,1500.0,265,1.77,N,NG
847,9705W651,3,OUT,0.0036834,0.0030450000000000004,0.0048258,1500.0,296,1.97,N,NG
848,9705W651,4,OUT,0.0020202,0.0014238000000000002,0.0021462,1500.0,319,2.13,N,OK
849,9705W651,5,IN,0.01632713,,,4000.0,510,1.27,N,NG
850,9705W651,6,IN,0.016327130000000002,,,4000.0,429,1.07,N,NG
851,9705W811,1,OUT,0.0020832000000000003,0.0015539999999999998,0.0029568,1500.0,201,1.34,N,NG
852,9705W811,2,OUT,0.0012348000000000003,0.0017556000000000004,0.0020412,1500.0,305,2.03,N,OK
853,9705W811,3,OUT,0.0017682000000000002,0.0021293999999999996,0.0027846000000000004,1500.0,224,1.49,N,NG
854,9705W811,4,IN,0.06515593,,,4000.0,497,1.24,N,NG
855,9705W811,5,IN,0.08148306,,,4000.0,530,1.32,N,NG
856,9705W832,1,OUT,0.0010206000000000002,0.001071,0.0016169999999999997,1500.0,250,1.67,N,NG
857,9705W832,2,OUT,0.0024906,0.0010458,0.0022302,1500.0,215,1.43,N,NG
858,9705W832,3,OUT,0.0017136,0.0016674000000000003,0.0032046,1500.0,279,1.86,N,NG
859,9705W832,4,OUT,0.0009408000000000001,0.0019278,0.00189,1500.0,224,1.49,N,NG
860,9705W832,5,IN,0.05584794,,,4000.0,429,1.07,N,NG
861,9705W832,6,IN,0.053559090000000004,,,4000.0,876,2.19,N,OK
862,9705Y674,1,OUT,0.0027972000000000006,0.0031500000000000005,0.006106800000000001,1500.0,526,3.51,N,OK
863,9705Y674,2,OUT,0.0080262,0.011445,0.0102606,1500.0,516,3.44,N,OK
864,9705Y674,3,OUT,0.0012558,0.0014028,0.0014028000000000003,1500.0,287,1.91,N,NG
865,9705Y674,4,OUT,0.001953,0.001953,0.002373,1500.0,427,2.85,N,OK
866,9705Y674,5,IN,0.02807656,,,4000.0,623,1.56,N,NG
867,9705Y674,6,IN,0.02792397,,,4000.0,744,1.86,N,NG
868,9705Y792,1,OUT,0.0012852000000000002,0.0006971999999999998,0.00147,1500.0,245,1.63,N,NG
869,9705Y792,2,OUT,0.0013230000000000004,0.0009323999999999999,0.001617,1500.0,229,1.53,N,NG
870,9705Y792,3,OUT,0.0009660000000000001,0.0007602000000000002,0.0011045999999999999,1500.0,242,1.61,N,NG
871,9705Y792,4,OUT,0.0012096,0.000987,0.0017136000000000002,1500.0,292,1.95,N,NG
872,9705Y792,5,IN,0.06759736999999999,,,4000.0,609,1.52,N,NG
873,9705Y792,6,IN,0.02105742,,,4000.0,369,0.92,N,NG
874,9705Y853,1,OUT,0.0018312000000000003,0.0022764000000000005,0.0022008,1500.0,232,1.55,N,NG
875,9705Y853,2,OUT,0.0006594000000000001,0.0010080000000000006,0.0020328000000000004,1500.0,186,1.24,N,NG
876,9705Y853,3,OUT,0.0015708,0.0020832000000000003,0.0045948000000000004,1500.0,226,1.51,N,NG
877,9705Y853,4,OUT,0.0024066000000000005,0.0022259999999999997,0.0035196000000000003,1500.0,250,1.67,N,NG
878,9705Y853,5,IN,0.05584794,,,4000.0,724,1.81,N,NG
879,9705Y853,6,IN,0.058289379999999995,,,4000.0,698,1.74,N,NG
880,9705Y891,1,OUT,0.0040572,0.0032046,0.007602000000000001,1500.0,238,1.59,N,NG
881,9705Y891,2,OUT,0.0012558,0.0009323999999999999,0.00084,1500.0,216,1.44,N,NG
882,9705Y891,3,OUT,0.0013356000000000002,0.0011676000000000002,0.0010500000000000002,1500.0,200,1.33,N,NG
883,9705Y891,4,OUT,0.0037086000000000003,0.001974,0.0062916000000000005,1500.0,246,1.64,N,NG
884,9705Y891,5,IN,0.058289379999999995,,,4000.0,434,1.08,N,NG
885,9705Y891,6,IN,0.05355909,,,4000.0,435,1.09,N,NG
886,9705Z401,1,OUT,0.0010878,0.0011256,0.0022302,1500.0,272,1.81,N,NG
887,9705Z401,2,OUT,0.0007518,0.0015414,0.0030492,1500.0,263,1.75,N,NG
888,9705Z401,3,OUT,0.0016926000000000003,0.0012474,0.0017052000000000002,1500.0,198,1.32,N,NG
889,9705Z401,4,OUT,0.0017724,0.002226,0.0017766,1500.0,213,1.42,N,NG
890,9705Z401,5,IN,0.02792397,,,4000.0,414,1.03,N,NG
891,9705Z401,6,IN,0.02105742,,,4000.0,470,1.18,N,NG
892,9707Z001,1,OUT,0.0012432,0.0013818000000000003,0.0026838,1500.0,239,1.59,N,NG
893,9707Z001,2,OUT,0.0019614000000000003,0.0007392,0.0015456,1500.0,199,1.33,N,NG
894,9707Z001,3,OUT,0.0021168000000000003,0.0014322000000000002,0.001848,1500.0,195,1.3,N,NG
895,9707Z001,4,OUT,0.0010626000000000001,0.0012642,0.0021966000000000004,1500.0,206,1.37,N,NG
896,9707Z001,5,IN,0.023346270000000002,,,4000.0,499,1.25,N,NG
897,9707Z001,6,IN,0.032654260000000004,,,4000.0,646,1.62,N,NG
898,9708C282,1,OUT,0.0019908,0.001827,0.0031038000000000003,1500.0,185,1.23,N,NG
899,9708C282,2,OUT,0.00168,0.0017934000000000005,0.0015540000000000003,1500.0,172,1.15,N,NG
900,9708C282,3,OUT,0.0022638,0.0016632000000000005,0.0040488,1500.0,191,1.27,N,NG
901,9708C282,4,OUT,0.0018900000000000002,0.0017598000000000002,0.0023814,1500.0,202,1.35,N,NG
902,9708C282,5,IN,0.03036541,,,4000.0,458,1.14,N,NG
903,9708C282,6,IN,0.01632713,,,4000.0,486,1.22,N,NG
904,9708C674,1,OUT,0.0027678,0.0034734000000000006,0.0033600000000000006,1500.0,193,1.29,N,NG
905,9708C674,2,OUT,0.0031584,0.0040026,0.006426000000000001,1500.0,242,1.61,N,NG
906,9708C674,3,OUT,0.0032256000000000008,0.0032046000000000006,0.0045276000000000005,1500.0,187,1.25,N,NG
907,9708C674,4,OUT,0.0016128000000000002,0.0028895999999999995,0.0038262,1500.0,221,1.47,N,NG
908,9708C674,5,IN,0.0442511,,,4000.0,771,1.93,N,NG
909,9708C674,6,IN,0.03952081,,,4000.0,407,1.02,N,NG
910,9806A971,1,OUT,0.0013482000000000004,0.001281,0.0012431999999999999,1500.0,317,2.11,N,OK
911,9806A971,2,OUT,0.0035574000000000005,0.0049896,0.0075852,1500.0,431,2.87,N,OK
912,9806A971,3,OUT,0.0037464,0.0023057999999999998,0.0058674,1500.0,274,1.83,N,NG
913,9806A971,4,OUT,0.0009702000000000002,0.0008568000000000004,0.0017136,1500.0,239,1.59,N,NG
914,9806A971,5,IN,0.025635119999999997,,,4000.0,516,1.29,N,NG
915,9806A971,6,IN,0.01632713,,,4000.0,403,1.01,N,NG
916,9806D871,1,OUT,0.0043176,0.0023225999999999998,0.0014490000000000004,1500.0,244,1.63,N,NG
917,9806D871,2,OUT,0.0009743999999999999,0.0008652000000000004,0.00126,1500.0,176,1.17,N,NG
918,9806D871,3,OUT,0.0005964,0.0008694,0.0015120000000000003,1500.0,220,1.47,N,NG
919,9806D871,4,IN,0.046539950000000004,,,4000.0,502,1.25,N,NG
920,9806D871,5,IN,0.05111765,,,4000.0,462,1.16,N,NG
921,9806G141,1,OUT,0.0019529999999999999,0.003696,0.006951000000000001,1500.0,218,1.45,N,NG
922,9806G141,2,OUT,0.0021126,0.004254600000000001,0.0048006,1500.0,195,1.3,N,NG
923,9806G141,3,OUT,0.0039522,0.0019782,0.004926600000000001,1500.0,198,1.32,N,NG
924,9806G141,4,IN,0.05813679000000001,,,4000.0,490,1.23,N,NG
925,9806G141,5,IN,0.03494311,,,4000.0,738,1.84,N,NG
926,9806G203,1,OUT,0.0014364,0.0011172,0.0022638000000000003,1500.0,240,1.6,N,NG
927,9806G203,2,OUT,0.0033432000000000006,0.0015077999999999997,0.0027972,1500.0,215,1.43,N,NG
928,9806G203,3,OUT,0.0025578000000000003,0.0014322000000000002,0.004599,1500.0,261,1.74,N,NG
929,9806G203,4,OUT,0.0015119999999999999,0.0015036,0.0021966,1500.0,245,1.63,N,NG
930,9806G203,5,IN,0.08148306,,,4000.0,820,2.05,N,OK
931,9806G203,6,IN,0.07446392,,,4000.0,673,1.68,N,NG
932,9806G221,1,OUT,0.0008946000000000002,0.0011382,0.0010332,1500.0,207,1.38,N,NG
933,9806G221,2,OUT,0.0011970000000000001,0.0017472000000000004,0.0027300000000000002,1500.0,226,1.51,N,NG
934,9806G221,3,OUT,0.0013566,0.0023393999999999997,0.0031290000000000003,1500.0,217,1.45,N,NG
935,9806G221,4,OUT,0.0014532000000000002,0.0020118000000000002,0.0027719999999999997,1500.0,291,1.94,N,NG
936,9806G221,5,IN,0.06286707999999999,,,4000.0,584,1.46,N,NG
937,9806G221,6,IN,0.03494311,,,4000.0,515,1.29,N,NG
938,9806G515,4,OUT,0.0004662000000000001,0.0006972000000000003,0.0007895999999999999,1500.0,220,1.47,N,NG
939,9806G515,5,OUT,0.0005502,0.0010584000000000001,0.0010080000000000002,1500.0,233,1.55,N,NG
940,9806G515,6,OUT,0.0007602,0.0009155999999999999,0.0010877999999999999,1500.0,182,1.21,N,NG
941,9806G515,7,IN,0.023346270000000002,,,4000.0,539,1.35,N,NG
942,9806G515,8,IN,0.03036541,,,4000.0,483,1.21,N,NG
943,9806P162,1,OUT,0.0010794000000000003,0.0012347999999999999,0.0018018,1500.0,255,1.7,N,NG
944,9806P162,2,OUT,0.0010122000000000002,0.0023772000000000003,0.0029232,1500.0,188,1.25,N,NG
945,9806P162,3,OUT,0.0008610000000000002,0.001323,0.0019488,1500.0,366,2.44,N,OK
946,9806P162,4,OUT,0.0019236,0.0023268,0.0030744,1500.0,244,1.63,N,NG
947,9806P162,5,IN,0.02319368,,,4000.0,660,1.65,N,NG
948,9806P162,6,IN,0.01861598,,,4000.0,479,1.2,N,NG
949,9806P271,1,OUT,0.0023436,0.0021000000000000003,0.003843,1500.0,247,1.65,N,NG
950,9806P271,2,OUT,0.002667,0.0036456000000000006,0.004321800000000001,1500.0,254,1.69,N,NG
951,9806P271,3,OUT,0.0018018,0.0029442,0.002646,1500.0,225,1.5,N,NG
952,9806P271,4,OUT,0.0015582000000000003,0.0030954,0.0028602000000000002,1500.0,216,1.44,N,NG
953,9806P271,5,IN,0.01861598,,,4000.0,387,0.97,N,NG
954,9806P271,6,IN,0.01403828,,,4000.0,364,0.91,N,NG
955,9806W941,1,OUT,0.0013062,0.0014868,0.0025997999999999998,1500.0,225,1.5,N,NG
956,9806W941,2,OUT,0.0012558,0.0016631999999999999,0.0021378,1500.0,239,1.59,N,NG
957,9806W941,3,OUT,0.0013482,0.0009365999999999999,0.0021,1500.0,243,1.62,N,NG
958,9806W941,4,OUT,0.0016968,0.0022596,0.0037884000000000004,1500.0,206,1.37,N,NG
959,9806W941,5,IN,0.05828938,,,4000.0,526,1.32,N,NG
960,9806W941,6,IN,0.05600053,,,4000.0,466,1.16,N,NG
961,9806X031,1,OUT,0.0017177999999999998,0.0014490000000000004,0.0025032,1500.0,195,1.3,N,NG
962,9806X031,2,OUT,0.0019068000000000002,0.0014027999999999996,0.0029484000000000003,1500.0,235,1.57,N,NG
963,9806X031,3,OUT,0.0009912,0.001323,0.0019572,1500.0,181,1.21,N,NG
964,9806X031,4,OUT,0.0013859999999999999,0.0007518000000000002,0.0021168000000000003,1500.0,226,1.51,N,NG
965,9806X031,5,IN,0.05813679000000001,,,4000.0,548,1.37,N,NG
966,9806X031,6,IN,0.05600052999999999,,,4000.0,603,1.51,N,NG
967,9905B141,1,OUT,0.0008736000000000002,0.0006384000000000003,0.0010122,1500.0,263,1.75,N,NG
968,9905B141,2,OUT,0.0011508,0.0012096,0.0019656,1500.0,255,1.7,N,NG
969,9905B141,3,OUT,0.0011676000000000004,0.0006594000000000005,0.0012894,1500.0,199,1.33,N,NG
970,9905B141,4,OUT,0.0007308,0.0008778000000000002,0.0007853999999999999,1500.0,220,1.47,N,NG
971,9905B141,5,IN,0.023346270000000002,,,4000.0,506,1.26,N,NG
972,9905B141,6,IN,0.02090483,,,4000.0,347,0.87,N,NG
973,9905B862,1,OUT,0.0006972000000000001,0.0011592,0.0014784000000000002,1500.0,236,1.57,N,NG
974,9905B862,2,OUT,0.0008022,0.0008357999999999998,0.0015204,1500.0,221,1.47,N,NG
975,9905B862,3,OUT,0.0011466,0.0010962000000000003,0.0020034000000000007,1500.0,209,1.39,N,NG
976,9905B862,4,OUT,0.0011928,0.0011844000000000004,0.0025788,1500.0,179,1.19,N,NG
977,9905B862,5,IN,0.06515593,,,4000.0,692,1.73,N,NG
978,9905B862,6,IN,0.06286707999999999,,,4000.0,635,1.59,N,NG
